job_id,provider_id,location_id,service,completion_date,job_cost,distance_miles,response_hours,days_to_complete,quality_score,job_status
J00001,P0021,L056,Catch Basin Repair,2026-04-04,4333.5,70.0,8,8,4.7,Completed
J00002,P0179,L066,Erosion Control,2025-09-03,3827.34,91.5,18,2,4.3,Completed
J00003,P0057,L042,Erosion Control,2024-10-26,6384.93,349.1,25,6,5.0,Completed
J00004,P0156,L011,Pond Maintenance,2025-06-10,5736.95,81.6,7,10,4.6,Rework Required
J00005,P0293,L030,CCTV Inspection,2026-02-07,1620.97,14.0,31,4,4.5,Completed
J00006,P0056,L011,Vactor / Jet Vac,2026-06-06,5242.77,246.6,31,1,4.7,Completed
J00007,P0144,L057,Pipe Lining,2025-12-29,9586.58,57.8,8,3,4.3,Completed
J00008,P0273,L047,Catch Basin Repair,2025-11-23,3794.01,77.4,13,4,4.1,Completed
J00009,P0197,L027,Pipe Lining,2024-10-02,10472.13,110.7,25,10,4.3,Completed
J00010,P0195,L068,Stormwater Inspection,2025-10-10,2266.73,162.0,12,4,4.5,Completed
J00011,P0101,L050,CCTV Inspection,2026-02-06,2603.13,144.8,3,1,3.0,Completed
J00012,P0026,L066,Erosion Control,2025-05-14,8827.59,130.1,6,7,3.7,Completed
J00013,P0049,L005,Vactor / Jet Vac,2026-05-17,4028.04,167.9,39,5,3.1,Completed
J00014,P0229,L037,Emergency Callout,2025-12-15,4176.1,49.4,22,1,4.1,Completed
J00015,P0206,L070,CCTV Inspection,2025-02-11,2520.03,112.1,32,5,4.6,Completed
J00016,P0178,L007,Stormwater Inspection,2025-05-21,1819.47,127.6,2,1,3.3,Completed
J00017,P0258,L014,Pond Maintenance,2025-08-14,6505.54,159.2,29,6,4.8,Completed
J00018,P0211,L024,Emergency Callout,2026-07-04,2808.32,134.1,13,1,5.0,Completed
J00019,P0036,L065,Vactor / Jet Vac,2025-10-03,3909.14,91.5,22,10,4.5,Completed
J00020,P0011,L044,Emergency Callout,2026-05-28,3308.82,83.8,11,3,4.1,Completed
J00021,P0158,L024,Emergency Callout,2025-03-14,2904.17,151.5,23,5,3.6,Completed
J00022,P0080,L018,Pipe Lining,2024-11-05,8483.95,48.3,10,9,3.9,Completed
J00023,P0031,L065,Pond Maintenance,2025-01-04,8283.65,28.7,15,6,3.9,Completed
J00024,P0130,L030,Erosion Control,2025-10-26,5090.4,110.9,22,2,4.5,Completed
J00025,P0080,L018,Stormwater Inspection,2026-01-13,1475.03,48.3,10,5,4.2,Completed
J00026,P0239,L004,Catch Basin Repair,2024-04-03,3788.89,15.9,36,4,4.3,Completed
J00027,P0203,L033,Vactor / Jet Vac,2024-03-20,5365.39,81.3,17,6,4.1,Completed
J00028,P0154,L031,Catch Basin Repair,2025-03-31,4443.37,137.4,37,5,3.2,Completed
J00029,P0178,L030,Erosion Control,2026-05-30,5892.48,122.5,2,3,2.7,Completed
J00030,P0256,L044,Pipe Lining,2024-08-22,14766.72,144.7,15,9,4.1,Completed
J00031,P0176,L074,CCTV Inspection,2025-01-11,3491.14,145.1,22,4,3.7,Completed
J00032,P0194,L009,Pipe Lining,2026-04-12,9602.54,101.2,30,8,4.1,Completed
J00033,P0275,L008,Pipe Lining,2025-11-24,8777.27,14.1,12,11,3.8,Completed
J00034,P0066,L061,Vactor / Jet Vac,2024-06-17,4254.62,28.7,1,2,3.9,Completed
J00035,P0121,L074,Catch Basin Repair,2024-06-04,6007.46,124.2,23,1,4.0,Cancelled
J00036,P0263,L012,Emergency Callout,2024-03-29,2915.2,56.3,18,5,4.5,Completed
J00037,P0102,L072,Pipe Lining,2025-08-26,8596.69,53.4,16,6,3.8,Completed
J00038,P0152,L050,Erosion Control,2024-11-18,7357.86,236.0,30,4,4.5,Completed
J00039,P0290,L008,Catch Basin Repair,2024-03-27,2863.85,62.7,13,4,4.1,Completed
J00040,P0156,L062,Pond Maintenance,2025-12-08,7705.73,45.2,9,6,4.2,Completed
J00041,P0267,L032,Pond Maintenance,2025-09-13,7154.74,152.0,18,1,4.4,Completed
J00042,P0116,L061,Stormwater Inspection,2024-02-25,1439.27,42.0,25,3,4.3,Completed
J00043,P0185,L065,Catch Basin Repair,2024-04-25,5758.94,121.2,25,5,3.2,Completed
J00044,P0036,L048,CCTV Inspection,2024-01-13,2760.5,99.1,34,6,3.8,Rework Required
J00045,P0127,L013,Erosion Control,2026-05-31,5999.61,151.2,27,9,3.0,Completed
J00046,P0074,L009,Stormwater Inspection,2025-11-30,1836.77,114.3,38,4,3.9,Completed
J00047,P0222,L071,Emergency Callout,2026-02-27,3553.58,143.9,38,5,4.9,Completed
J00048,P0161,L036,CCTV Inspection,2024-08-08,2744.3,134.3,48,2,4.2,Completed
J00049,P0093,L062,Vactor / Jet Vac,2025-02-11,3065.01,185.7,19,1,2.8,Completed
J00050,P0242,L041,Stormwater Inspection,2025-02-15,1775.42,98.2,27,1,4.9,Completed
J00051,P0264,L007,Pipe Lining,2024-11-13,10099.3,48.9,31,7,3.4,Completed
J00052,P0277,L013,Catch Basin Repair,2024-06-08,6956.44,256.0,14,3,4.0,Completed
J00053,P0062,L010,Stormwater Inspection,2026-02-20,1851.9,161.2,47,1,4.7,Completed
J00054,P0124,L010,CCTV Inspection,2025-03-23,2369.71,72.5,46,7,4.0,Completed
J00055,P0257,L046,Catch Basin Repair,2024-03-29,5275.63,122.6,23,7,4.5,Cancelled
J00056,P0294,L006,CCTV Inspection,2025-09-15,2100.86,110.5,10,3,3.4,Completed
J00057,P0109,L025,Pipe Lining,2025-12-25,12839.34,136.7,16,2,4.4,Completed
J00058,P0158,L058,Vactor / Jet Vac,2024-12-21,5109.21,129.7,31,1,4.0,Completed
J00059,P0013,L003,Pond Maintenance,2024-05-09,7565.9,158.3,30,6,3.8,Completed
J00060,P0040,L009,Pond Maintenance,2024-04-30,7284.13,65.1,14,6,3.7,Completed
J00061,P0104,L042,Vactor / Jet Vac,2025-03-15,2707.62,146.5,49,3,4.2,Completed
J00062,P0199,L044,CCTV Inspection,2025-08-13,3037.3,151.1,22,3,4.3,Completed
J00063,P0284,L005,Emergency Callout,2025-01-03,4299.0,137.5,22,2,4.4,Completed
J00064,P0126,L013,Pipe Lining,2024-09-18,6748.45,59.9,7,7,3.9,Completed
J00065,P0159,L060,CCTV Inspection,2025-06-05,3022.57,150.0,7,5,4.2,Completed
J00066,P0132,L041,Vactor / Jet Vac,2025-04-28,2361.79,173.6,18,6,4.9,Completed
J00067,P0180,L044,Pipe Lining,2026-05-28,11342.43,132.1,15,1,4.2,Completed
J00068,P0114,L067,Stormwater Inspection,2024-09-11,2006.32,120.2,24,1,4.0,Completed
J00069,P0008,L031,Erosion Control,2024-03-20,4555.53,102.8,19,8,3.8,Completed
J00070,P0149,L028,CCTV Inspection,2026-07-12,2681.48,84.5,20,2,3.7,Completed
J00071,P0170,L025,Catch Basin Repair,2024-02-17,5733.7,48.4,21,4,3.6,Rework Required
J00072,P0237,L021,CCTV Inspection,2026-06-05,2487.54,164.0,17,8,4.5,Completed
J00073,P0038,L001,Pond Maintenance,2025-07-20,6911.92,97.8,37,4,3.2,Completed
J00074,P0026,L006,Erosion Control,2025-07-31,3703.81,80.9,4,1,3.8,Completed
J00075,P0021,L022,Catch Basin Repair,2025-08-28,7084.95,148.0,10,3,4.2,Rework Required
J00076,P0108,L014,Catch Basin Repair,2025-07-13,4778.81,169.0,18,6,2.5,Completed
J00077,P0084,L060,Catch Basin Repair,2025-02-23,3763.92,96.5,39,3,4.5,Completed
J00078,P0127,L004,Erosion Control,2025-12-11,5593.12,160.8,20,4,3.4,Completed
J00079,P0099,L018,Erosion Control,2025-11-04,5872.66,16.8,15,5,4.1,Completed
J00080,P0101,L013,Pond Maintenance,2025-06-26,8029.23,122.9,7,6,3.3,Rework Required
J00081,P0067,L024,Stormwater Inspection,2024-03-02,2469.31,166.4,25,3,3.7,Rework Required
J00082,P0281,L036,Pipe Lining,2024-04-05,10050.43,163.4,11,9,3.3,Completed
J00083,P0186,L069,Catch Basin Repair,2025-06-16,4478.68,113.8,34,6,4.2,Completed
J00084,P0172,L024,Erosion Control,2026-02-04,5387.79,74.2,30,5,3.0,Completed
J00085,P0029,L027,CCTV Inspection,2025-10-14,1789.48,75.4,15,2,4.0,Completed
J00086,P0028,L060,CCTV Inspection,2024-03-04,2858.73,96.6,58,6,5.0,Completed
J00087,P0054,L060,Pipe Lining,2024-09-24,9082.62,107.7,24,8,4.3,Completed
J00088,P0143,L037,Stormwater Inspection,2026-01-23,1515.32,100.6,17,9,4.0,Completed
J00089,P0224,L057,Emergency Callout,2024-03-17,3943.25,82.3,14,5,3.9,Cancelled
J00090,P0121,L003,Pipe Lining,2025-08-21,10717.2,149.6,17,4,4.3,Completed
J00091,P0159,L016,CCTV Inspection,2025-04-22,2671.18,125.0,1,9,4.6,Completed
J00092,P0045,L040,CCTV Inspection,2026-02-27,2098.24,80.0,32,5,3.7,Completed
J00093,P0111,L025,Pond Maintenance,2026-05-22,5660.36,88.6,26,7,5.0,Completed
J00094,P0297,L044,Pipe Lining,2024-11-07,6930.33,168.9,35,7,3.8,Completed
J00095,P0198,L011,Vactor / Jet Vac,2026-05-27,3821.72,136.9,22,1,4.2,Completed
J00096,P0294,L020,CCTV Inspection,2024-12-30,2606.26,137.6,14,3,3.8,Completed
J00097,P0114,L029,Vactor / Jet Vac,2024-09-23,4658.23,108.1,27,7,4.2,Completed
J00098,P0199,L042,Pipe Lining,2025-02-18,10837.56,157.6,18,8,5.0,Completed
J00099,P0066,L042,Catch Basin Repair,2024-04-14,4404.17,160.4,31,3,3.2,Completed
J00100,P0248,L048,Pipe Lining,2024-03-04,7370.03,138.6,46,8,4.5,Completed
J00101,P0261,L058,Catch Basin Repair,2026-04-23,7540.73,100.1,25,2,4.9,Completed
J00102,P0007,L041,CCTV Inspection,2024-09-22,1969.92,126.7,33,6,3.6,Cancelled
J00103,P0138,L012,CCTV Inspection,2024-03-07,3333.92,121.7,16,1,3.5,Completed
J00104,P0211,L061,Emergency Callout,2024-04-04,3495.01,128.2,10,6,4.9,Cancelled
J00105,P0285,L056,Erosion Control,2025-04-17,5489.79,73.4,29,5,5.0,Completed
J00106,P0014,L046,Stormwater Inspection,2025-02-08,1837.17,134.5,20,1,3.9,Completed
J00107,P0218,L006,Stormwater Inspection,2024-06-25,1167.59,29.5,17,1,4.5,Completed
J00108,P0197,L070,Pipe Lining,2025-04-01,10073.51,121.4,15,5,4.6,Completed
J00109,P0126,L023,Vactor / Jet Vac,2025-09-23,3940.52,27.6,1,5,4.1,Completed
J00110,P0081,L034,Pond Maintenance,2026-06-22,7694.98,138.2,29,5,3.8,Completed
J00111,P0143,L014,Vactor / Jet Vac,2025-01-27,4764.79,141.2,23,6,4.2,Completed
J00112,P0133,L003,Catch Basin Repair,2026-03-27,3671.14,30.6,20,7,4.3,Completed
J00113,P0263,L052,Vactor / Jet Vac,2026-03-11,3556.11,223.3,24,9,4.5,Completed
J00114,P0029,L008,Emergency Callout,2025-05-11,2635.02,34.2,8,7,4.2,Completed
J00115,P0011,L035,Erosion Control,2024-07-03,6211.86,110.0,26,3,3.8,Completed
J00116,P0057,L045,Catch Basin Repair,2026-04-10,5143.57,108.6,13,6,4.7,Completed
J00117,P0235,L058,Vactor / Jet Vac,2025-04-28,4419.07,163.3,28,4,3.8,Completed
J00118,P0160,L010,Catch Basin Repair,2024-04-12,5188.21,135.3,26,7,4.9,Completed
J00119,P0020,L031,Catch Basin Repair,2026-04-15,5383.11,143.5,10,5,4.4,Completed
J00120,P0018,L033,Vactor / Jet Vac,2024-08-12,4785.56,119.1,42,3,4.5,Completed
J00121,P0075,L041,Stormwater Inspection,2026-05-09,2053.31,147.9,32,10,4.5,Rework Required
J00122,P0144,L027,Pipe Lining,2025-08-29,11069.13,140.9,8,6,4.1,Completed
J00123,P0290,L032,Erosion Control,2024-01-29,6131.78,187.4,22,9,4.1,Completed
J00124,P0174,L070,Erosion Control,2025-07-31,5819.0,201.9,43,7,3.6,Completed
J00125,P0170,L032,Catch Basin Repair,2026-04-09,4608.6,41.6,26,8,3.8,Completed
J00126,P0029,L069,Emergency Callout,2024-06-28,2338.39,39.6,12,6,4.0,Completed
J00127,P0101,L018,CCTV Inspection,2025-09-08,2495.27,145.1,8,6,3.6,Completed
J00128,P0146,L003,Emergency Callout,2025-09-20,2355.63,30.9,12,3,3.5,Completed
J00129,P0184,L029,Pipe Lining,2024-06-30,11077.48,35.0,10,8,5.0,Cancelled
J00130,P0143,L030,Erosion Control,2024-05-31,5508.92,144.8,39,1,3.9,Completed
J00131,P0256,L021,Pipe Lining,2026-05-16,6364.5,19.9,12,4,4.3,Completed
J00132,P0256,L074,Erosion Control,2025-01-17,6305.51,75.0,22,6,4.6,Completed
J00133,P0242,L031,Stormwater Inspection,2024-12-10,2109.46,158.6,32,3,5.0,Completed
J00134,P0282,L034,Pipe Lining,2026-01-19,9549.74,145.3,19,4,3.6,Cancelled
J00135,P0047,L031,Emergency Callout,2024-06-27,3943.21,131.0,15,3,5.0,Completed
J00136,P0280,L006,Erosion Control,2025-08-26,6086.18,120.6,13,3,4.2,Completed
J00137,P0053,L052,Stormwater Inspection,2025-12-06,1626.44,96.2,29,1,3.9,Completed
J00138,P0126,L046,Pipe Lining,2025-12-19,8242.78,10.5,1,5,3.5,Cancelled
J00139,P0037,L023,Stormwater Inspection,2026-02-28,1926.85,148.3,30,5,5.0,Rework Required
J00140,P0051,L038,Vactor / Jet Vac,2024-11-21,3045.02,21.5,15,6,4.0,Cancelled
J00141,P0213,L075,Catch Basin Repair,2024-04-16,6888.87,149.4,22,8,5.0,Cancelled
J00142,P0046,L044,Pipe Lining,2024-03-20,9523.54,172.4,17,7,3.8,Completed
J00143,P0020,L016,Erosion Control,2026-06-25,5035.55,102.1,10,2,4.4,Rework Required
J00144,P0219,L053,Erosion Control,2024-09-28,6125.99,94.0,16,4,3.9,Completed
J00145,P0159,L055,CCTV Inspection,2026-03-16,2295.57,55.1,4,6,5.0,Completed
J00146,P0066,L035,Vactor / Jet Vac,2025-03-24,4725.56,58.8,19,2,3.2,Completed
J00147,P0275,L051,Pipe Lining,2025-05-19,9173.62,120.3,18,4,3.5,Completed
J00148,P0164,L069,Erosion Control,2024-04-13,5104.59,118.1,6,5,4.7,Completed
J00149,P0141,L012,Catch Basin Repair,2024-03-16,4032.28,57.9,24,8,4.4,Completed
J00150,P0117,L051,Vactor / Jet Vac,2024-11-22,5072.29,150.2,23,3,3.7,Completed
J00151,P0112,L053,CCTV Inspection,2024-06-23,1988.06,161.6,10,4,3.8,Completed
J00152,P0081,L074,Pipe Lining,2025-07-14,10123.49,166.0,37,4,4.1,Cancelled
J00153,P0138,L001,CCTV Inspection,2025-09-20,2554.06,152.1,27,6,3.2,Completed
J00154,P0142,L037,Vactor / Jet Vac,2025-10-31,4610.12,122.1,32,4,4.3,Completed
J00155,P0296,L075,Stormwater Inspection,2024-04-13,1934.4,154.2,47,3,3.4,Completed
J00156,P0260,L064,Catch Basin Repair,2025-07-21,6116.49,153.9,17,2,3.9,Completed
J00157,P0076,L066,Pond Maintenance,2024-10-31,9728.53,156.8,21,1,4.5,Completed
J00158,P0143,L040,Vactor / Jet Vac,2025-07-16,3947.02,105.4,17,1,4.6,Completed
J00159,P0086,L020,Pipe Lining,2024-01-04,10337.32,165.5,37,8,3.8,Completed
J00160,P0280,L062,Pond Maintenance,2025-10-02,4963.99,140.7,13,12,4.8,Completed
J00161,P0090,L030,Catch Basin Repair,2024-07-30,5020.44,173.5,33,8,5.0,Completed
J00162,P0279,L006,Pond Maintenance,2025-04-29,5254.48,23.0,8,8,5.0,Completed
J00163,P0138,L001,Pond Maintenance,2025-04-27,5970.42,152.1,18,5,3.8,Completed
J00164,P0012,L007,Pond Maintenance,2025-07-11,6624.27,169.5,20,5,3.9,Completed
J00165,P0293,L041,Erosion Control,2025-01-13,6536.46,148.2,47,6,4.9,Completed
J00166,P0190,L062,Vactor / Jet Vac,2025-04-21,4231.01,141.7,11,5,4.9,Completed
J00167,P0134,L073,Pond Maintenance,2024-06-03,7484.71,120.2,8,7,3.9,Completed
J00168,P0073,L010,CCTV Inspection,2024-12-18,2939.16,91.6,35,4,3.8,Completed
J00169,P0085,L023,Stormwater Inspection,2025-08-26,2717.23,237.0,26,4,2.7,Completed
J00170,P0287,L005,Vactor / Jet Vac,2026-04-18,5024.98,160.2,15,8,3.6,Completed
J00171,P0134,L049,Emergency Callout,2024-08-29,3689.24,144.2,1,1,4.1,Completed
J00172,P0022,L017,CCTV Inspection,2026-05-24,2393.28,37.5,1,4,5.0,Completed
J00173,P0250,L066,Pipe Lining,2026-02-14,8589.82,63.6,10,9,4.6,Completed
J00174,P0220,L038,Pipe Lining,2026-04-07,7579.36,127.6,25,6,4.9,Completed
J00175,P0269,L006,Vactor / Jet Vac,2025-11-30,3841.99,16.3,7,3,4.5,Completed
J00176,P0043,L049,Pipe Lining,2024-09-21,9072.55,29.0,21,8,4.0,Completed
J00177,P0192,L041,CCTV Inspection,2025-07-23,3063.64,162.2,23,1,4.3,Completed
J00178,P0202,L057,Erosion Control,2025-06-16,4884.35,118.0,35,10,5.0,Completed
J00179,P0026,L075,Vactor / Jet Vac,2025-09-30,4830.96,84.1,10,6,4.8,Completed
J00180,P0247,L035,Stormwater Inspection,2024-06-02,1645.6,75.8,32,3,3.9,Completed
J00181,P0178,L071,CCTV Inspection,2025-07-30,3566.68,162.3,1,4,3.1,Completed
J00182,P0008,L014,Pond Maintenance,2026-06-20,5872.62,101.5,28,1,4.0,Completed
J00183,P0170,L022,Stormwater Inspection,2025-11-01,2001.05,126.6,35,4,3.8,Completed
J00184,P0120,L015,Emergency Callout,2024-10-09,3185.41,121.5,1,3,4.5,Completed
J00185,P0113,L016,Stormwater Inspection,2026-06-29,1832.27,127.4,24,6,4.3,Completed
J00186,P0135,L074,Catch Basin Repair,2025-05-01,5087.64,86.0,20,7,3.0,Cancelled
J00187,P0178,L061,Erosion Control,2026-04-17,5331.66,48.8,1,3,2.9,Completed
J00188,P0134,L033,Pond Maintenance,2025-05-18,8570.54,165.0,3,7,3.8,Completed
J00189,P0087,L070,CCTV Inspection,2024-08-21,2246.42,157.0,37,2,3.1,Completed
J00190,P0241,L044,Emergency Callout,2024-11-24,3285.48,129.1,18,4,3.4,Completed
J00191,P0207,L063,Stormwater Inspection,2024-04-01,804.79,22.3,9,8,3.8,Completed
J00192,P0013,L012,Catch Basin Repair,2025-02-20,5678.98,294.7,45,9,4.2,Completed
J00193,P0226,L019,Erosion Control,2025-06-11,5219.8,48.7,6,1,3.4,Completed
J00194,P0028,L063,CCTV Inspection,2025-06-02,3094.05,120.7,66,3,5.0,Completed
J00195,P0005,L003,Vactor / Jet Vac,2026-06-15,4604.09,17.3,28,3,4.1,Completed
J00196,P0172,L065,Vactor / Jet Vac,2025-04-12,4226.2,136.3,23,7,2.9,Completed
J00197,P0256,L014,Erosion Control,2024-10-07,6625.39,158.5,21,3,4.1,Completed
J00198,P0025,L006,Emergency Callout,2025-10-12,4246.81,172.5,41,4,4.8,Cancelled
J00199,P0126,L004,Vactor / Jet Vac,2025-05-15,5153.04,17.2,1,7,4.0,Completed
J00200,P0004,L018,Pipe Lining,2025-04-30,11078.03,149.5,22,6,4.9,Completed
J00201,P0262,L050,Erosion Control,2026-05-07,4739.71,69.5,15,5,3.1,Completed
J00202,P0206,L002,CCTV Inspection,2025-01-30,1750.95,27.2,29,4,4.5,Completed
J00203,P0147,L016,Catch Basin Repair,2025-10-24,3006.67,2.9,12,1,3.7,Completed
J00204,P0083,L019,Catch Basin Repair,2025-02-23,4674.63,170.0,21,2,4.3,Completed
J00205,P0255,L065,Vactor / Jet Vac,2024-05-15,3696.17,69.3,13,8,4.6,Completed
J00206,P0158,L001,Vactor / Jet Vac,2025-09-14,4247.81,90.9,18,4,3.8,Completed
J00207,P0209,L072,Pond Maintenance,2025-12-27,6489.19,15.0,6,6,3.5,Completed
J00208,P0127,L016,Stormwater Inspection,2026-05-22,1925.41,165.7,27,3,3.9,Completed
J00209,P0093,L067,Pond Maintenance,2024-11-05,6846.54,128.6,13,6,3.3,Completed
J00210,P0014,L024,Stormwater Inspection,2024-01-08,1853.65,129.2,22,6,5.0,Completed
J00211,P0061,L075,Erosion Control,2025-08-31,5026.34,99.7,27,4,4.4,Completed
J00212,P0039,L014,Pond Maintenance,2025-05-08,3287.0,18.5,14,11,4.9,Completed
J00213,P0093,L044,Pond Maintenance,2026-06-01,7559.58,160.8,10,9,3.5,Completed
J00214,P0145,L006,Pond Maintenance,2025-06-13,8216.35,126.1,20,7,3.9,Completed
J00215,P0155,L034,Vactor / Jet Vac,2026-04-01,3970.05,140.9,34,6,5.0,Completed
J00216,P0252,L051,Stormwater Inspection,2025-11-28,2336.63,174.1,17,8,5.0,Completed
J00217,P0090,L013,Vactor / Jet Vac,2024-10-29,4497.43,40.9,26,3,4.7,Completed
J00218,P0135,L007,Stormwater Inspection,2026-01-24,2101.61,111.3,36,1,3.5,Completed
J00219,P0210,L060,Catch Basin Repair,2025-12-31,5601.91,110.2,27,1,4.5,Completed
J00220,P0021,L067,Emergency Callout,2025-11-18,3022.55,92.1,12,4,4.9,Completed
J00221,P0081,L034,Pond Maintenance,2026-05-10,7262.44,138.2,37,7,4.1,Completed
J00222,P0080,L004,Pipe Lining,2025-04-27,5689.37,31.8,12,10,4.1,Completed
J00223,P0276,L058,Pond Maintenance,2025-07-26,7192.93,78.0,42,8,4.5,Completed
J00224,P0241,L056,Pipe Lining,2026-07-10,9064.37,210.8,18,9,4.2,Completed
J00225,P0004,L026,CCTV Inspection,2024-08-16,3157.63,165.7,23,9,4.0,Completed
J00226,P0003,L021,Pond Maintenance,2026-06-27,3958.16,93.8,18,6,4.5,Completed
J00227,P0138,L051,Pond Maintenance,2025-04-19,8442.91,173.7,24,5,3.3,Completed
J00228,P0183,L018,Emergency Callout,2025-10-11,3856.32,161.3,45,8,4.0,Completed
J00229,P0087,L029,CCTV Inspection,2024-07-18,2437.72,144.4,43,8,3.8,Completed
J00230,P0114,L069,Stormwater Inspection,2025-02-27,1713.37,95.0,27,5,3.8,Completed
J00231,P0180,L044,Pipe Lining,2024-07-24,9767.08,132.1,21,8,4.9,Completed
J00232,P0284,L031,Emergency Callout,2026-06-02,3235.31,158.3,25,6,4.3,Completed
J00233,P0036,L025,CCTV Inspection,2025-10-08,3009.11,118.0,35,8,3.8,Rework Required
J00234,P0112,L017,Erosion Control,2024-01-05,7254.58,131.0,14,6,3.8,Completed
J00235,P0210,L005,Catch Basin Repair,2024-06-21,5209.89,61.9,26,9,3.9,Completed
J00236,P0208,L071,Pipe Lining,2026-02-20,10786.79,136.2,27,12,4.8,Completed
J00237,P0205,L031,Pipe Lining,2025-10-10,10257.06,174.4,1,5,4.9,Completed
J00238,P0075,L061,Stormwater Inspection,2025-01-27,2257.98,144.7,20,6,4.4,Completed
J00239,P0066,L068,Catch Basin Repair,2024-01-15,4221.01,121.5,18,6,4.1,Completed
J00240,P0014,L034,Catch Basin Repair,2024-01-05,3814.54,120.6,15,5,4.9,Completed
J00241,P0148,L007,Catch Basin Repair,2026-06-17,4894.18,150.9,1,7,3.3,Completed
J00242,P0047,L055,Pipe Lining,2025-05-30,11117.91,125.4,4,5,4.7,Completed
J00243,P0051,L050,Pipe Lining,2024-02-16,8407.22,169.2,19,11,3.6,Completed
J00244,P0108,L008,Pond Maintenance,2025-06-16,7015.17,160.5,26,6,2.9,Completed
J00245,P0283,L064,Erosion Control,2025-12-04,6038.03,126.7,48,9,4.5,Rework Required
J00246,P0127,L029,Erosion Control,2025-05-16,6669.57,209.1,24,3,3.3,Completed
J00247,P0178,L074,Catch Basin Repair,2026-04-11,4547.9,77.9,10,8,3.0,Completed
J00248,P0295,L010,Catch Basin Repair,2024-05-14,4924.38,115.1,25,4,3.4,Completed
J00249,P0143,L062,Vactor / Jet Vac,2024-06-22,4302.41,173.2,18,2,4.7,Completed
J00250,P0218,L028,Vactor / Jet Vac,2025-10-17,5798.23,130.5,31,3,4.6,Completed
J00251,P0089,L068,Vactor / Jet Vac,2024-02-19,3686.4,152.6,15,1,5.0,Completed
J00252,P0286,L026,Vactor / Jet Vac,2024-04-28,3752.34,174.5,34,3,4.6,Completed
J00253,P0252,L020,Stormwater Inspection,2024-09-15,823.86,2.9,13,5,4.6,Completed
J00254,P0246,L046,Pipe Lining,2025-12-03,9022.72,42.9,25,3,4.4,Completed
J00255,P0124,L024,Pond Maintenance,2024-04-13,5848.19,89.7,36,5,3.9,Completed
J00256,P0092,L016,Pond Maintenance,2025-12-18,7731.22,140.0,28,10,4.1,Completed
J00257,P0294,L031,CCTV Inspection,2025-09-24,3141.09,162.8,6,5,4.1,Completed
J00258,P0101,L018,CCTV Inspection,2025-05-24,2728.06,145.1,1,5,3.9,Completed
J00259,P0108,L023,Catch Basin Repair,2026-05-01,5293.11,137.5,22,3,2.6,Completed
J00260,P0185,L042,Catch Basin Repair,2025-02-23,3492.92,151.1,13,5,4.4,Completed
J00261,P0148,L014,Vactor / Jet Vac,2024-07-31,3983.53,148.7,1,2,3.5,Completed
J00262,P0183,L018,Emergency Callout,2024-01-03,3915.47,161.3,44,7,4.1,Completed
J00263,P0048,L003,CCTV Inspection,2026-05-05,2343.89,140.6,21,2,4.0,Completed
J00264,P0168,L054,Emergency Callout,2024-04-02,2768.67,24.8,22,8,5.0,Completed
J00265,P0033,L071,CCTV Inspection,2024-04-13,2907.25,164.6,37,1,3.9,Cancelled
J00266,P0148,L011,Catch Basin Repair,2024-10-30,4135.63,141.3,6,7,3.5,Completed
J00267,P0013,L005,Vactor / Jet Vac,2024-06-27,4491.92,168.3,32,5,4.5,Completed
J00268,P0081,L026,Pond Maintenance,2025-11-24,8896.73,152.2,37,3,4.1,Completed
J00269,P0138,L032,CCTV Inspection,2026-02-15,2699.42,149.5,10,5,3.8,Completed
J00270,P0128,L005,Vactor / Jet Vac,2025-11-10,3359.54,150.0,25,4,5.0,Completed
J00271,P0114,L028,Erosion Control,2025-03-24,5395.63,103.5,19,2,5.0,Rework Required
J00272,P0171,L020,Pond Maintenance,2024-04-05,6639.39,122.1,27,5,3.9,Completed
J00273,P0147,L046,Erosion Control,2025-02-14,6153.11,30.3,38,9,3.8,Completed
J00274,P0243,L068,Emergency Callout,2025-01-29,4405.72,145.2,1,1,4.3,Completed
J00275,P0263,L026,Emergency Callout,2025-10-26,3292.8,21.1,33,3,4.3,Completed
J00276,P0056,L003,Pipe Lining,2025-12-13,9911.18,171.2,31,6,4.1,Completed
J00277,P0041,L021,Pipe Lining,2025-08-27,10046.88,132.4,12,4,4.7,Completed
J00278,P0212,L026,Emergency Callout,2025-01-23,2353.53,87.7,32,7,4.1,Completed
J00279,P0198,L057,Vactor / Jet Vac,2026-06-20,3502.21,113.0,15,7,3.9,Completed
J00280,P0080,L063,Pipe Lining,2025-05-14,10383.66,63.4,3,11,4.7,Completed
J00281,P0183,L018,Stormwater Inspection,2024-03-05,2044.73,161.3,42,5,3.8,Completed
J00282,P0143,L050,Erosion Control,2026-06-08,5252.26,83.3,17,12,4.4,Completed
J00283,P0058,L009,Catch Basin Repair,2025-11-16,5088.37,214.2,29,3,4.6,Completed
J00284,P0148,L046,CCTV Inspection,2026-01-14,2183.15,49.4,5,7,3.6,Completed
J00285,P0179,L022,Erosion Control,2025-10-18,5410.46,103.5,20,5,4.0,Completed
J00286,P0227,L067,Vactor / Jet Vac,2024-06-09,3664.07,118.2,31,5,4.5,Completed
J00287,P0213,L008,Emergency Callout,2026-06-09,3047.18,71.4,21,6,4.9,Completed
J00288,P0222,L022,Emergency Callout,2024-12-04,4296.43,145.8,38,3,4.7,Rework Required
J00289,P0068,L031,Vactor / Jet Vac,2025-07-17,4202.99,132.4,36,2,4.4,Completed
J00290,P0076,L027,Stormwater Inspection,2024-03-21,1789.07,161.0,30,1,5.0,Completed
J00291,P0288,L017,Emergency Callout,2025-05-25,3287.65,129.2,33,4,3.5,Completed
J00292,P0237,L053,CCTV Inspection,2026-02-02,4555.63,349.5,33,3,4.0,Completed
J00293,P0048,L003,CCTV Inspection,2024-02-06,2902.63,140.6,24,6,3.2,Completed
J00294,P0263,L018,Vactor / Jet Vac,2026-03-21,4248.49,161.5,36,2,4.4,Completed
J00295,P0127,L073,Pond Maintenance,2025-07-29,10575.18,161.2,33,11,2.7,Completed
J00296,P0182,L018,Emergency Callout,2025-01-07,2221.69,16.2,3,7,4.5,Completed
J00297,P0075,L049,Catch Basin Repair,2024-12-05,4982.64,81.4,32,5,4.8,Completed
J00298,P0224,L051,Emergency Callout,2025-01-07,3401.65,7.2,16,5,4.3,Completed
J00299,P0141,L043,CCTV Inspection,2025-11-05,2546.83,165.8,41,6,4.0,Completed
J00300,P0112,L036,Erosion Control,2025-10-10,7109.55,113.3,11,4,3.9,Rework Required
J00301,P0224,L066,Pond Maintenance,2025-01-17,7462.76,148.0,13,10,4.9,Completed
J00302,P0069,L030,Vactor / Jet Vac,2025-05-19,4463.43,167.8,38,9,4.4,Completed
J00303,P0007,L058,Stormwater Inspection,2025-09-17,1654.11,81.7,27,2,3.3,Completed
J00304,P0210,L063,CCTV Inspection,2025-02-06,2044.75,106.1,23,12,3.4,Completed
J00305,P0154,L008,Catch Basin Repair,2024-04-20,5478.0,107.0,45,9,3.6,Completed
J00306,P0151,L018,Vactor / Jet Vac,2026-05-07,2042.84,25.3,28,3,4.6,Completed
J00307,P0199,L068,CCTV Inspection,2025-04-06,2390.42,114.7,23,1,4.3,Completed
J00308,P0144,L020,Pipe Lining,2024-01-05,11249.35,154.0,9,8,4.1,Completed
J00309,P0255,L002,Vactor / Jet Vac,2025-03-19,4067.1,93.4,21,8,4.4,Completed
J00310,P0168,L037,Emergency Callout,2026-03-10,4547.48,292.1,30,5,4.9,Cancelled
J00311,P0220,L062,Pipe Lining,2024-06-26,8269.94,144.3,33,8,4.6,Completed
J00312,P0102,L063,Pipe Lining,2025-11-04,8870.04,31.9,22,4,4.2,Completed
J00313,P0226,L054,Erosion Control,2025-01-28,4028.33,62.5,1,8,3.9,Completed
J00314,P0210,L039,Catch Basin Repair,2024-12-17,5213.36,139.3,35,4,3.7,Rework Required
J00315,P0103,L072,Emergency Callout,2024-05-21,3477.92,65.0,37,5,3.8,Completed
J00316,P0138,L015,Pond Maintenance,2025-07-14,4318.22,173.9,19,11,4.0,Completed
J00317,P0213,L068,Catch Basin Repair,2025-10-01,6995.83,157.7,20,10,5.0,Completed
J00318,P0104,L063,Erosion Control,2024-05-15,7550.38,299.1,42,8,4.3,Rework Required
J00319,P0102,L052,Pipe Lining,2025-12-11,11380.57,171.5,24,5,3.7,Completed
J00320,P0294,L067,CCTV Inspection,2025-07-29,2399.32,103.2,9,5,3.1,Completed
J00321,P0211,L005,Stormwater Inspection,2026-07-04,1895.47,103.5,3,6,5.0,Completed
J00322,P0070,L031,Pond Maintenance,2025-03-08,8253.23,35.1,32,1,2.9,Completed
J00323,P0209,L005,CCTV Inspection,2024-05-28,3503.62,171.8,15,2,4.8,Completed
J00324,P0110,L029,Vactor / Jet Vac,2026-02-07,4237.97,125.4,32,4,4.5,Completed
J00325,P0270,L041,Pond Maintenance,2024-05-29,8339.92,95.8,31,7,4.9,Completed
J00326,P0171,L074,Pond Maintenance,2025-07-08,3715.03,141.7,21,8,4.1,Completed
J00327,P0233,L023,Emergency Callout,2026-06-07,3801.46,147.7,2,2,3.7,Completed
J00328,P0231,L001,Catch Basin Repair,2025-07-28,4348.22,24.8,29,10,3.5,Completed
J00329,P0124,L008,Pond Maintenance,2024-02-18,4926.24,139.1,42,4,3.9,Cancelled
J00330,P0195,L038,Stormwater Inspection,2026-03-18,1591.02,92.5,21,2,5.0,Rework Required
J00331,P0130,L028,Erosion Control,2024-02-25,6711.36,311.4,33,5,4.3,Completed
J00332,P0258,L021,Pond Maintenance,2026-06-08,6546.25,87.7,33,7,4.7,Completed
J00333,P0137,L004,Emergency Callout,2025-10-10,3921.74,43.4,13,10,4.0,Completed
J00334,P0256,L005,Erosion Control,2025-07-13,5780.21,156.0,22,6,3.9,Completed
J00335,P0084,L050,Catch Basin Repair,2024-07-17,6424.87,135.2,40,9,4.3,Completed
J00336,P0180,L049,Pipe Lining,2024-03-17,13345.83,53.7,8,11,4.4,Completed
J00337,P0248,L066,Pipe Lining,2024-05-02,13673.25,116.3,38,5,4.1,Completed
J00338,P0066,L064,Stormwater Inspection,2024-09-27,2169.96,153.7,25,3,4.1,Completed
J00339,P0256,L064,Pond Maintenance,2025-04-22,6526.96,149.7,34,2,4.3,Completed
J00340,P0250,L040,Pipe Lining,2024-11-26,10718.91,119.4,1,10,4.0,Completed
J00341,P0157,L029,Pond Maintenance,2025-08-09,7164.12,129.3,39,5,4.5,Completed
J00342,P0216,L033,CCTV Inspection,2024-11-21,2899.16,97.2,44,3,3.7,Completed
J00343,P0041,L019,Pipe Lining,2026-03-16,12372.21,152.1,9,2,4.1,Completed
J00344,P0292,L017,Stormwater Inspection,2025-02-17,2131.91,168.4,32,2,4.9,Completed
J00345,P0240,L043,Catch Basin Repair,2025-11-10,5547.74,156.5,18,2,4.6,Completed
J00346,P0202,L075,Erosion Control,2026-02-09,6783.11,167.8,30,7,4.1,Completed
J00347,P0111,L067,Emergency Callout,2026-04-23,3107.09,66.3,28,6,5.0,Completed
J00348,P0198,L051,Vactor / Jet Vac,2024-12-20,4255.23,162.7,15,5,4.5,Completed
J00349,P0264,L016,Catch Basin Repair,2025-11-29,4705.66,121.5,32,4,3.6,Completed
J00350,P0207,L043,Stormwater Inspection,2024-04-26,4094.41,406.7,33,5,4.7,Completed
J00351,P0091,L054,Pond Maintenance,2025-06-13,7132.11,162.0,32,4,4.7,Completed
J00352,P0057,L051,Erosion Control,2025-06-04,4942.96,40.8,5,3,4.2,Completed
J00353,P0255,L002,Vactor / Jet Vac,2025-10-29,3993.73,93.4,12,4,4.8,Completed
J00354,P0230,L052,CCTV Inspection,2024-06-20,4183.56,340.3,59,5,4.6,Rework Required
J00355,P0155,L011,Vactor / Jet Vac,2024-08-03,3536.83,133.1,26,6,5.0,Completed
J00356,P0103,L073,Catch Basin Repair,2025-03-10,5438.32,75.2,36,6,3.7,Completed
J00357,P0154,L002,Catch Basin Repair,2025-12-20,3660.75,150.7,51,3,3.6,Completed
J00358,P0116,L044,Stormwater Inspection,2024-03-14,1756.89,148.4,21,7,3.9,Completed
J00359,P0116,L060,Pipe Lining,2026-01-04,10654.94,110.3,28,6,3.9,Completed
J00360,P0087,L032,CCTV Inspection,2024-07-01,2666.98,69.0,25,2,3.5,Completed
J00361,P0199,L050,CCTV Inspection,2024-08-21,2306.78,116.8,30,3,5.0,Cancelled
J00362,P0288,L025,Stormwater Inspection,2025-10-07,1830.52,145.4,48,1,4.1,Completed
J00363,P0285,L012,Erosion Control,2025-11-20,4616.49,2.0,33,7,4.4,Completed
J00364,P0210,L034,Vactor / Jet Vac,2025-09-25,4183.01,135.9,34,7,3.8,Completed
J00365,P0294,L022,Vactor / Jet Vac,2024-03-15,3541.58,130.6,10,5,3.1,Completed
J00366,P0207,L031,CCTV Inspection,2025-12-03,2997.12,126.9,20,7,5.0,Completed
J00367,P0268,L059,CCTV Inspection,2025-03-24,2908.48,167.0,25,6,4.8,Completed
J00368,P0093,L024,Vactor / Jet Vac,2025-06-30,4292.77,137.5,7,2,3.4,Completed
J00369,P0067,L043,Stormwater Inspection,2026-05-19,1621.98,79.4,27,5,3.8,Completed
J00370,P0121,L042,Pipe Lining,2026-06-27,10380.57,169.9,18,8,3.6,Cancelled
J00371,P0238,L001,Erosion Control,2024-01-12,6790.88,329.2,35,4,4.5,Completed
J00372,P0043,L074,Pipe Lining,2024-01-06,11262.4,109.9,17,4,4.4,Completed
J00373,P0231,L019,Stormwater Inspection,2024-03-28,1820.59,33.8,31,9,3.8,Completed
J00374,P0113,L063,Erosion Control,2025-10-23,6833.84,172.6,34,6,3.8,Completed
J00375,P0054,L024,Pipe Lining,2024-08-14,10140.29,170.4,31,7,4.8,Completed
J00376,P0091,L069,Pond Maintenance,2024-07-04,6287.02,52.4,23,4,5.0,Completed
J00377,P0049,L061,Vactor / Jet Vac,2025-07-16,3184.2,24.2,40,3,4.4,Completed
J00378,P0150,L017,CCTV Inspection,2024-03-09,2388.53,53.1,3,2,4.0,Completed
J00379,P0201,L037,Catch Basin Repair,2025-05-13,5311.08,113.8,27,7,4.3,Rework Required
J00380,P0290,L036,Erosion Control,2025-11-02,4623.53,111.9,12,4,3.8,Completed
J00381,P0070,L023,Pond Maintenance,2026-07-10,7239.31,155.2,48,8,3.8,Completed
J00382,P0211,L009,Emergency Callout,2025-09-23,3850.53,149.3,14,1,5.0,Completed
J00383,P0164,L032,Pipe Lining,2025-01-08,6383.32,97.8,14,8,4.0,Completed
J00384,P0285,L027,Stormwater Inspection,2024-11-16,1443.44,111.3,21,5,5.0,Completed
J00385,P0092,L004,Catch Basin Repair,2025-10-18,4088.17,163.8,19,3,4.2,Completed
J00386,P0296,L067,Erosion Control,2026-01-20,4090.55,34.5,30,4,4.0,Completed
J00387,P0120,L009,Emergency Callout,2025-01-02,3595.22,145.4,6,7,3.8,Completed
J00388,P0168,L054,Emergency Callout,2024-06-28,3564.46,24.8,23,4,4.8,Completed
J00389,P0249,L027,CCTV Inspection,2026-05-29,2070.51,58.0,31,7,4.2,Completed
J00390,P0090,L063,Catch Basin Repair,2026-06-26,3926.92,33.4,28,6,5.0,Completed
J00391,P0268,L048,CCTV Inspection,2026-05-19,2484.77,155.8,23,4,5.0,Completed
J00392,P0248,L019,Vactor / Jet Vac,2025-08-15,5238.49,169.7,49,6,4.0,Completed
J00393,P0149,L039,Catch Basin Repair,2025-07-18,6462.83,312.0,46,8,3.9,Completed
J00394,P0137,L073,Emergency Callout,2024-06-01,2598.7,35.8,6,1,4.1,Completed
J00395,P0141,L002,Catch Basin Repair,2025-08-26,3533.53,96.6,29,5,4.4,Completed
J00396,P0197,L059,Pond Maintenance,2025-05-28,8249.27,140.3,26,10,4.1,Completed
J00397,P0237,L052,Stormwater Inspection,2024-01-11,1744.41,91.4,19,5,4.9,Completed
J00398,P0220,L038,Pipe Lining,2024-05-23,7798.35,127.6,43,4,5.0,Completed
J00399,P0098,L002,Pipe Lining,2025-08-02,9309.35,25.6,29,8,4.0,Completed
J00400,P0139,L023,Pipe Lining,2025-05-10,10060.49,173.3,11,4,3.5,Cancelled
J00401,P0190,L053,Vactor / Jet Vac,2025-05-14,4587.78,101.1,11,5,3.9,Completed
J00402,P0054,L074,Pond Maintenance,2024-02-13,8469.51,23.3,18,7,4.0,Completed
J00403,P0117,L057,Erosion Control,2025-04-10,4503.68,79.0,24,5,3.7,Completed
J00404,P0262,L024,Vactor / Jet Vac,2024-11-27,4428.54,135.8,23,9,2.7,Completed
J00405,P0038,L017,Pond Maintenance,2024-09-26,5162.87,23.0,22,6,3.5,Completed
J00406,P0037,L055,Pipe Lining,2025-01-22,8497.3,100.4,34,6,4.6,Completed
J00407,P0232,L064,CCTV Inspection,2025-01-20,2147.17,169.0,1,1,3.4,Rework Required
J00408,P0027,L027,Catch Basin Repair,2024-12-27,5987.81,153.9,4,4,4.7,Completed
J00409,P0285,L017,Erosion Control,2025-05-08,7280.03,132.2,22,9,4.5,Completed
J00410,P0151,L018,Vactor / Jet Vac,2024-05-22,2652.89,25.3,31,7,4.9,Completed
J00411,P0228,L053,Catch Basin Repair,2025-10-20,5499.24,112.5,23,6,4.0,Completed
J00412,P0180,L009,Pipe Lining,2025-01-05,8659.82,39.1,1,8,4.6,Completed
J00413,P0148,L031,CCTV Inspection,2025-02-28,3395.61,111.3,2,5,3.7,Completed
J00414,P0119,L072,CCTV Inspection,2025-05-05,2936.22,133.1,15,7,4.6,Completed
J00415,P0147,L016,Pipe Lining,2025-02-24,7689.95,2.9,26,9,3.7,Completed
J00416,P0023,L032,Vactor / Jet Vac,2025-08-29,4012.2,102.1,21,6,3.4,Completed
J00417,P0198,L007,Vactor / Jet Vac,2024-05-30,3462.01,104.8,24,7,4.0,Completed
J00418,P0090,L070,Pond Maintenance,2025-06-13,7502.33,260.4,41,8,4.1,Rework Required
J00419,P0238,L008,Vactor / Jet Vac,2026-01-15,4246.98,121.0,23,7,4.8,Completed
J00420,P0277,L052,Pond Maintenance,2024-08-09,8328.42,368.4,19,6,3.9,Completed
J00421,P0224,L048,Emergency Callout,2024-06-23,3561.34,156.8,15,4,3.7,Completed
J00422,P0199,L047,Stormwater Inspection,2026-03-24,1417.17,52.2,20,3,4.7,Completed
J00423,P0109,L058,Pipe Lining,2025-06-07,10143.54,30.7,11,3,4.0,Completed
J00424,P0052,L036,Erosion Control,2025-09-02,5923.42,141.3,19,8,3.6,Completed
J00425,P0266,L068,Catch Basin Repair,2024-05-15,3798.36,63.7,32,6,4.3,Completed
J00426,P0002,L023,Catch Basin Repair,2025-05-31,4250.41,113.6,14,6,4.5,Completed
J00427,P0180,L064,Pipe Lining,2024-06-30,8482.71,137.6,6,1,4.2,Completed
J00428,P0269,L026,Vactor / Jet Vac,2025-06-28,2199.32,84.3,5,5,4.0,Completed
J00429,P0187,L038,CCTV Inspection,2025-11-06,1979.95,98.2,28,2,5.0,Completed
J00430,P0142,L060,Vactor / Jet Vac,2026-03-04,4088.51,114.4,31,4,4.2,Completed
J00431,P0129,L068,Stormwater Inspection,2025-01-14,1292.84,66.4,17,1,3.8,Completed
J00432,P0007,L032,Stormwater Inspection,2026-04-01,2113.46,174.5,32,2,4.0,Completed
J00433,P0146,L013,Stormwater Inspection,2026-04-03,1992.02,139.2,6,3,3.8,Completed
J00434,P0194,L061,CCTV Inspection,2024-09-17,2570.52,86.0,34,3,4.6,Completed
J00435,P0108,L020,Catch Basin Repair,2024-03-26,5117.29,198.5,18,4,2.6,Completed
J00436,P0299,L070,Stormwater Inspection,2024-01-06,816.17,12.1,10,1,3.4,Completed
J00437,P0286,L037,Vactor / Jet Vac,2024-04-30,3598.88,83.2,34,6,4.2,Completed
J00438,P0076,L054,Stormwater Inspection,2025-12-05,1820.53,99.7,6,3,5.0,Completed
J00439,P0007,L006,Stormwater Inspection,2024-06-07,1809.96,160.1,28,7,3.3,Completed
J00440,P0150,L015,Pond Maintenance,2025-07-02,7140.04,156.3,20,10,4.2,Completed
J00441,P0084,L035,Erosion Control,2025-11-27,5533.2,106.1,25,1,4.2,Completed
J00442,P0231,L019,Catch Basin Repair,2026-03-13,5309.59,33.8,21,5,3.9,Completed
J00443,P0095,L050,Pipe Lining,2025-07-22,9390.2,158.0,33,10,4.3,Completed
J00444,P0286,L014,Pond Maintenance,2026-03-03,7512.69,129.9,39,3,5.0,Completed
J00445,P0203,L054,Pipe Lining,2025-11-06,11157.97,168.0,17,8,4.2,Completed
J00446,P0186,L023,Catch Basin Repair,2025-12-17,5299.05,142.9,16,9,4.0,Cancelled
J00447,P0207,L036,CCTV Inspection,2025-02-14,2943.39,157.7,12,6,4.2,Completed
J00448,P0082,L053,Vactor / Jet Vac,2025-10-13,4222.76,141.4,8,10,4.0,Completed
J00449,P0206,L067,CCTV Inspection,2025-04-27,2448.34,111.2,35,3,4.6,Cancelled
J00450,P0133,L060,Stormwater Inspection,2024-09-26,1689.75,106.8,20,6,3.8,Completed
J00451,P0200,L032,CCTV Inspection,2026-01-11,2695.01,87.1,22,6,5.0,Completed
J00452,P0207,L005,Stormwater Inspection,2025-06-17,1905.34,164.6,29,2,4.5,Completed
J00453,P0263,L014,Vactor / Jet Vac,2026-04-19,3833.07,232.5,33,7,4.4,Completed
J00454,P0288,L008,Emergency Callout,2024-07-25,4075.88,21.4,24,1,3.8,Completed
J00455,P0286,L060,Pond Maintenance,2026-03-13,7938.12,83.1,39,1,5.0,Completed
J00456,P0255,L065,Catch Basin Repair,2025-11-21,5193.41,69.3,6,4,4.8,Completed
J00457,P0114,L070,Catch Basin Repair,2024-06-10,4826.98,119.0,18,7,3.7,Completed
J00458,P0093,L038,Pond Maintenance,2024-12-27,7535.46,34.6,15,6,3.1,Completed
J00459,P0087,L044,Stormwater Inspection,2025-06-14,2385.94,172.8,42,7,3.7,Completed
J00460,P0178,L058,CCTV Inspection,2025-07-16,3887.51,311.6,17,5,3.1,Completed
J00461,P0157,L053,Erosion Control,2026-04-15,5831.68,50.8,14,3,4.5,Completed
J00462,P0264,L018,Catch Basin Repair,2025-02-17,6075.54,125.5,46,5,3.9,Completed
J00463,P0031,L024,Pond Maintenance,2025-06-02,8644.7,110.1,22,7,3.9,Completed
J00464,P0215,L036,CCTV Inspection,2024-12-14,3344.56,127.4,17,1,3.6,Cancelled
J00465,P0200,L054,Pond Maintenance,2026-04-12,5286.91,82.6,31,7,4.5,Completed
J00466,P0140,L045,Pond Maintenance,2025-01-21,8626.88,154.8,26,2,3.6,Completed
J00467,P0138,L029,Catch Basin Repair,2026-03-05,4589.55,63.6,19,4,4.2,Completed
J00468,P0216,L038,Emergency Callout,2026-06-01,3747.47,146.2,40,6,3.6,Completed
J00469,P0206,L065,CCTV Inspection,2025-01-26,3142.21,103.0,33,1,3.9,Completed
J00470,P0103,L018,Catch Basin Repair,2024-08-23,4484.3,55.4,32,2,3.7,Completed
J00471,P0128,L014,Stormwater Inspection,2025-06-12,2102.28,154.1,40,3,5.0,Completed
J00472,P0079,L028,Pond Maintenance,2024-04-05,5850.2,28.5,30,3,4.7,Completed
J00473,P0114,L045,Erosion Control,2024-07-01,6541.02,134.0,32,4,4.5,Completed
J00474,P0226,L019,Erosion Control,2025-08-10,4798.44,48.7,2,7,4.0,Completed
J00475,P0034,L066,Catch Basin Repair,2024-07-23,4891.58,23.8,29,8,3.8,Completed
J00476,P0260,L022,Catch Basin Repair,2024-07-30,3613.89,141.2,10,2,4.1,Completed
J00477,P0295,L041,Catch Basin Repair,2024-12-30,5780.58,171.7,29,5,3.1,Completed
J00478,P0285,L006,CCTV Inspection,2024-03-21,2717.37,124.6,29,2,5.0,Completed
J00479,P0047,L023,Emergency Callout,2026-02-21,4457.56,108.8,7,4,5.0,Completed
J00480,P0093,L001,Vactor / Jet Vac,2025-01-15,4536.3,105.3,15,2,3.5,Completed
J00481,P0229,L061,Emergency Callout,2026-06-21,3468.76,116.0,28,7,4.1,Completed
J00482,P0280,L048,Pond Maintenance,2026-02-21,6836.15,69.5,3,1,4.6,Cancelled
J00483,P0250,L051,Pond Maintenance,2026-02-07,9522.5,95.0,9,3,4.3,Completed
J00484,P0049,L074,Vactor / Jet Vac,2025-03-09,5260.52,90.0,47,5,3.6,Completed
J00485,P0172,L050,Vactor / Jet Vac,2025-02-07,3368.23,79.0,24,5,3.0,Completed
J00486,P0264,L063,Pipe Lining,2024-05-03,10064.03,103.7,36,10,4.1,Completed
J00487,P0049,L050,Emergency Callout,2024-01-09,3449.0,155.5,46,11,3.4,Completed
J00488,P0145,L067,Catch Basin Repair,2024-04-13,6565.56,18.8,1,9,3.8,Completed
J00489,P0225,L072,Pond Maintenance,2024-09-26,7365.63,26.3,9,10,4.1,Completed
J00490,P0105,L006,Emergency Callout,2024-12-17,4338.79,237.4,34,8,4.4,Completed
J00491,P0273,L003,Emergency Callout,2025-03-05,3195.79,110.2,23,3,4.4,Completed
J00492,P0285,L059,Erosion Control,2025-02-14,5345.84,135.5,15,8,5.0,Completed
J00493,P0004,L061,Pipe Lining,2025-08-12,8506.32,168.6,27,6,4.7,Completed
J00494,P0258,L010,CCTV Inspection,2026-04-03,2889.42,41.2,25,7,5.0,Completed
J00495,P0193,L032,Stormwater Inspection,2024-07-19,1875.52,113.4,23,2,4.6,Completed
J00496,P0046,L032,Pipe Lining,2024-01-10,8650.8,55.5,22,10,3.6,Completed
J00497,P0211,L021,Emergency Callout,2026-07-03,4485.73,141.7,8,1,4.9,Completed
J00498,P0177,L044,Erosion Control,2024-11-03,8213.31,158.4,14,2,3.2,Completed
J00499,P0218,L028,Vactor / Jet Vac,2025-12-08,3073.76,130.5,20,3,4.4,Completed
J00500,P0146,L013,Catch Basin Repair,2025-05-02,5221.84,139.2,21,4,4.2,Completed
J00501,P0285,L006,CCTV Inspection,2024-12-08,2957.24,124.6,34,5,5.0,Completed
J00502,P0084,L049,Erosion Control,2026-04-09,7991.53,85.8,41,6,4.1,Completed
J00503,P0128,L005,Vactor / Jet Vac,2024-12-25,4533.01,150.0,25,5,4.5,Completed
J00504,P0261,L025,Catch Basin Repair,2025-10-27,3039.87,43.1,16,6,4.4,Completed
J00505,P0191,L013,Pipe Lining,2024-10-18,10048.62,184.7,19,4,3.1,Completed
J00506,P0003,L052,Emergency Callout,2025-04-02,2342.74,113.0,32,6,4.9,Completed
J00507,P0100,L023,Stormwater Inspection,2025-04-19,2201.42,160.5,1,9,2.9,Completed
J00508,P0256,L010,Pipe Lining,2025-10-17,10351.77,114.5,17,7,4.2,Completed
J00509,P0285,L070,Erosion Control,2025-09-19,6194.48,98.3,25,4,4.4,Completed
J00510,P0033,L070,CCTV Inspection,2024-12-17,3305.28,138.7,27,5,4.7,Completed
J00511,P0262,L042,Erosion Control,2025-12-28,4195.44,72.6,23,5,2.2,Completed
J00512,P0211,L003,Stormwater Inspection,2025-03-31,1775.26,122.8,16,2,4.8,Completed
J00513,P0266,L061,Erosion Control,2025-06-17,5352.38,167.5,28,3,4.1,Rework Required
J00514,P0199,L030,Stormwater Inspection,2026-05-24,1799.05,128.2,18,2,5.0,Completed
J00515,P0257,L010,Catch Basin Repair,2026-01-31,5158.33,173.6,25,7,4.6,Completed
J00516,P0159,L046,CCTV Inspection,2025-02-10,2795.75,137.7,9,6,4.3,Completed
J00517,P0268,L025,CCTV Inspection,2025-04-29,3453.11,211.0,20,2,5.0,Completed
J00518,P0114,L008,Vactor / Jet Vac,2025-06-20,4373.14,97.6,28,5,4.4,Completed
J00519,P0148,L046,CCTV Inspection,2025-09-24,2694.99,49.4,8,6,3.5,Completed
J00520,P0219,L058,Stormwater Inspection,2024-09-10,1384.21,54.7,15,5,4.4,Completed
J00521,P0211,L041,Emergency Callout,2024-05-14,2749.41,38.9,1,6,5.0,Completed
J00522,P0183,L034,Pipe Lining,2025-11-10,12330.6,134.6,35,6,3.7,Completed
J00523,P0041,L044,Erosion Control,2025-04-23,4711.61,54.0,1,4,3.9,Rework Required
J00524,P0225,L063,Pond Maintenance,2024-05-18,5702.57,13.5,7,8,5.0,Rework Required
J00525,P0046,L064,Pipe Lining,2025-04-12,12109.51,168.5,12,9,3.5,Completed
J00526,P0035,L043,Stormwater Inspection,2025-10-16,2293.02,169.2,10,2,3.5,Completed
J00527,P0197,L025,Erosion Control,2024-08-20,4574.11,118.4,27,4,4.4,Completed
J00528,P0190,L033,Emergency Callout,2025-02-26,3873.06,103.1,7,1,4.2,Completed
J00529,P0150,L048,Pond Maintenance,2025-06-19,8377.13,101.0,15,7,4.0,Completed
J00530,P0109,L056,Pipe Lining,2025-04-25,10585.7,97.5,26,8,4.4,Completed
J00531,P0047,L024,Emergency Callout,2025-05-03,4610.1,226.5,17,1,4.8,Completed
J00532,P0087,L032,Stormwater Inspection,2025-09-03,1529.22,69.0,39,2,3.1,Completed
J00533,P0238,L028,Vactor / Jet Vac,2024-07-12,2683.57,112.5,22,1,4.6,Completed
J00534,P0237,L049,Stormwater Inspection,2024-06-16,1391.36,99.3,17,7,5.0,Completed
J00535,P0211,L042,Stormwater Inspection,2024-08-13,2034.86,169.7,8,4,5.0,Completed
J00536,P0017,L040,Stormwater Inspection,2025-06-13,2299.4,171.2,9,8,3.9,Completed
J00537,P0069,L016,Pond Maintenance,2026-01-30,5042.49,51.3,30,6,3.8,Completed
J00538,P0018,L049,Pond Maintenance,2026-05-23,5179.33,12.0,29,6,4.3,Completed
J00539,P0216,L054,Pipe Lining,2025-10-14,4420.1,118.4,38,8,4.2,Completed
J00540,P0024,L042,Emergency Callout,2025-09-29,3776.32,119.5,16,5,4.9,Completed
J00541,P0078,L074,Erosion Control,2024-02-20,5636.97,102.5,9,5,4.1,Rework Required
J00542,P0228,L044,Vactor / Jet Vac,2024-04-14,3907.5,82.6,30,3,4.2,Completed
J00543,P0046,L015,Pipe Lining,2026-01-14,11132.95,47.0,27,6,4.1,Completed
J00544,P0075,L060,CCTV Inspection,2025-05-20,2195.92,71.0,28,4,4.5,Completed
J00545,P0288,L051,Stormwater Inspection,2026-03-29,1378.22,94.8,40,4,3.7,Completed
J00546,P0056,L024,Erosion Control,2026-03-21,5517.58,172.0,23,11,4.6,Completed
J00547,P0297,L007,CCTV Inspection,2024-05-29,2580.53,119.3,41,5,4.5,Completed
J00548,P0193,L017,Stormwater Inspection,2025-04-26,1468.7,76.7,20,3,3.7,Completed
J00549,P0079,L065,Pond Maintenance,2026-04-28,3320.14,50.4,30,11,4.4,Completed
J00550,P0290,L070,Catch Basin Repair,2025-03-29,4039.06,84.0,15,12,4.4,Completed
J00551,P0117,L047,Vactor / Jet Vac,2026-01-22,4137.96,169.0,37,3,3.2,Completed
J00552,P0083,L035,Catch Basin Repair,2025-11-28,5250.61,148.7,22,1,4.1,Rework Required
J00553,P0281,L011,Erosion Control,2026-01-15,6957.1,134.3,15,7,3.6,Completed
J00554,P0216,L032,CCTV Inspection,2025-10-15,2052.65,97.9,31,8,3.3,Completed
J00555,P0052,L006,Erosion Control,2026-06-03,6647.04,114.7,11,10,4.2,Completed
J00556,P0141,L008,CCTV Inspection,2025-03-20,1951.43,90.2,34,2,4.0,Completed
J00557,P0079,L026,Pipe Lining,2025-08-21,9937.2,119.9,24,8,4.0,Completed
J00558,P0245,L015,Catch Basin Repair,2024-02-13,6650.11,164.3,8,6,4.4,Completed
J00559,P0098,L070,Emergency Callout,2024-06-07,3684.75,135.9,34,8,3.5,Completed
J00560,P0007,L020,CCTV Inspection,2025-05-26,2075.43,80.4,23,3,3.7,Completed
J00561,P0219,L052,Erosion Control,2026-02-16,6041.86,292.9,16,2,3.5,Completed
J00562,P0059,L052,Vactor / Jet Vac,2024-06-06,5112.66,93.1,24,1,2.5,Completed
J00563,P0178,L009,CCTV Inspection,2024-08-26,2534.39,67.4,1,5,3.3,Completed
J00564,P0164,L038,Erosion Control,2025-03-25,8173.04,24.9,1,5,3.7,Completed
J00565,P0026,L039,Vactor / Jet Vac,2025-01-01,3162.98,145.2,5,2,3.5,Completed
J00566,P0289,L071,Pond Maintenance,2025-05-11,5512.49,169.2,32,12,4.6,Completed
J00567,P0018,L050,Pond Maintenance,2025-05-16,6204.33,139.8,16,5,4.3,Completed
J00568,P0217,L054,Pipe Lining,2024-11-27,8609.45,100.1,26,8,4.3,Completed
J00569,P0123,L071,Pond Maintenance,2025-09-05,8396.08,157.7,10,8,4.4,Cancelled
J00570,P0118,L040,Pipe Lining,2024-06-07,7564.41,68.2,44,3,3.8,Completed
J00571,P0251,L060,Pond Maintenance,2025-04-09,8022.53,63.9,8,8,4.4,Completed
J00572,P0085,L022,Stormwater Inspection,2026-06-23,1541.0,70.4,15,4,3.9,Completed
J00573,P0041,L054,Erosion Control,2024-09-01,5987.83,162.3,7,9,4.5,Completed
J00574,P0087,L001,CCTV Inspection,2025-07-05,2277.07,71.0,27,6,3.8,Completed
J00575,P0087,L025,Catch Basin Repair,2025-05-24,4409.46,35.2,39,1,3.4,Completed
J00576,P0221,L063,Pipe Lining,2024-11-26,8557.52,117.1,7,13,4.4,Completed
J00577,P0055,L009,Erosion Control,2025-06-19,7378.06,150.5,43,1,4.7,Completed
J00578,P0234,L019,Vactor / Jet Vac,2024-05-12,5292.52,164.1,18,3,4.5,Completed
J00579,P0248,L065,Vactor / Jet Vac,2025-05-12,3691.47,151.1,46,4,4.4,Completed
J00580,P0198,L042,Vactor / Jet Vac,2026-05-06,3540.25,152.7,14,2,3.9,Completed
J00581,P0191,L012,Emergency Callout,2025-12-19,4850.64,162.9,9,5,3.8,Completed
J00582,P0056,L005,Vactor / Jet Vac,2025-09-12,4155.59,162.0,24,6,4.8,Completed
J00583,P0051,L044,Vactor / Jet Vac,2024-08-01,4321.44,185.9,28,7,3.9,Completed
J00584,P0210,L049,CCTV Inspection,2025-10-16,2388.02,119.2,26,1,3.5,Completed
J00585,P0143,L060,Stormwater Inspection,2026-03-24,1463.29,100.4,14,5,4.6,Completed
J00586,P0171,L071,Pond Maintenance,2026-01-21,6253.2,154.2,30,3,4.1,Completed
J00587,P0215,L059,Pond Maintenance,2024-08-09,6744.04,139.1,18,4,3.9,Rework Required
J00588,P0159,L050,CCTV Inspection,2024-08-24,3218.95,152.1,3,1,4.5,Completed
J00589,P0145,L036,Catch Basin Repair,2025-11-03,4902.73,141.0,16,11,4.0,Completed
J00590,P0004,L023,Pipe Lining,2025-07-25,11879.42,171.2,23,8,4.3,Completed
J00591,P0258,L040,CCTV Inspection,2025-08-13,3599.35,159.6,37,5,5.0,Completed
J00592,P0156,L041,Emergency Callout,2025-03-13,4134.83,122.9,10,4,4.7,Completed
J00593,P0064,L017,Pipe Lining,2025-07-17,9960.9,112.0,9,7,4.7,Completed
J00594,P0143,L024,Erosion Control,2025-06-30,4885.85,112.8,13,2,3.9,Rework Required
J00595,P0095,L040,Emergency Callout,2026-07-13,3067.14,35.8,23,6,4.2,Completed
J00596,P0099,L014,Erosion Control,2025-02-26,7049.25,166.9,15,4,4.6,Completed
J00597,P0113,L028,Stormwater Inspection,2024-11-27,1691.09,106.4,28,4,4.7,Completed
J00598,P0135,L050,Catch Basin Repair,2025-07-17,4955.72,127.9,29,5,3.6,Cancelled
J00599,P0206,L015,Pond Maintenance,2025-04-08,6851.64,136.0,36,2,3.9,Completed
J00600,P0143,L030,Stormwater Inspection,2024-02-05,1976.57,144.8,21,2,4.1,Rework Required
J00601,P0142,L060,Vactor / Jet Vac,2026-06-30,3619.44,114.4,36,5,4.2,Completed
J00602,P0150,L040,Pond Maintenance,2024-08-07,7646.3,84.1,16,7,4.3,Completed
J00603,P0130,L021,Vactor / Jet Vac,2025-12-07,4427.18,68.4,21,5,4.4,Completed
J00604,P0037,L035,Pipe Lining,2025-04-16,10467.95,170.2,26,5,4.8,Completed
J00605,P0095,L075,Pipe Lining,2026-06-29,5199.14,120.2,25,7,4.3,Completed
J00606,P0185,L012,Catch Basin Repair,2024-11-03,6615.28,158.1,23,5,3.8,Completed
J00607,P0040,L037,Stormwater Inspection,2024-08-10,1458.08,86.9,14,2,3.3,Completed
J00608,P0171,L074,Erosion Control,2024-06-26,7176.17,141.7,26,4,4.6,Completed
J00609,P0232,L026,CCTV Inspection,2024-11-03,2777.46,140.8,10,3,3.5,Completed
J00610,P0093,L044,Stormwater Inspection,2024-02-27,2233.26,160.8,8,1,3.1,Cancelled
J00611,P0041,L049,Erosion Control,2026-04-16,4894.92,150.1,20,6,4.2,Completed
J00612,P0094,L031,CCTV Inspection,2024-08-20,3185.73,151.7,18,1,4.9,Completed
J00613,P0294,L039,Vactor / Jet Vac,2025-10-09,4419.54,157.0,9,4,3.8,Completed
J00614,P0200,L028,Pond Maintenance,2024-11-22,8216.07,153.6,30,11,4.2,Completed
J00615,P0080,L018,Pipe Lining,2025-12-15,8894.21,48.3,1,10,4.9,Completed
J00616,P0203,L047,Vactor / Jet Vac,2025-02-06,4388.92,114.8,15,6,3.3,Rework Required
J00617,P0007,L070,CCTV Inspection,2024-10-23,2827.46,91.6,24,3,4.2,Completed
J00618,P0214,L020,Pipe Lining,2024-03-25,10521.34,93.0,18,5,4.7,Completed
J00619,P0100,L040,Vactor / Jet Vac,2024-09-25,3535.61,56.8,1,6,3.6,Completed
J00620,P0272,L052,Stormwater Inspection,2024-05-13,1686.74,134.4,28,3,3.9,Completed
J00621,P0182,L039,Emergency Callout,2025-05-14,2864.09,29.5,15,3,4.3,Completed
J00622,P0068,L063,Catch Basin Repair,2026-01-23,4631.18,35.0,21,4,5.0,Completed
J00623,P0148,L063,Catch Basin Repair,2026-03-06,7401.1,1.4,1,6,3.4,Completed
J00624,P0284,L060,CCTV Inspection,2025-02-27,1430.02,51.3,23,3,5.0,Completed
J00625,P0177,L019,Erosion Control,2024-12-18,3451.42,33.5,8,11,3.7,Completed
J00626,P0082,L015,Vactor / Jet Vac,2024-06-22,3808.27,171.3,9,8,3.4,Rework Required
J00627,P0105,L053,Emergency Callout,2025-03-27,3720.08,32.2,32,3,4.2,Completed
J00628,P0200,L069,Catch Basin Repair,2025-01-17,3931.19,136.9,40,6,3.8,Completed
J00629,P0011,L071,CCTV Inspection,2024-02-25,2503.09,83.2,20,1,4.0,Completed
J00630,P0144,L070,Pipe Lining,2026-04-19,10313.99,124.6,6,4,4.0,Completed
J00631,P0187,L015,Erosion Control,2024-04-23,4533.15,26.7,30,7,4.9,Completed
J00632,P0222,L043,Emergency Callout,2024-08-02,3012.47,16.1,23,3,4.9,Completed
J00633,P0257,L024,Catch Basin Repair,2025-06-19,4786.76,73.4,10,3,5.0,Completed
J00634,P0029,L067,Emergency Callout,2024-05-24,3047.24,17.0,3,10,4.3,Completed
J00635,P0056,L044,Vactor / Jet Vac,2025-11-10,5438.28,106.4,28,4,4.4,Completed
J00636,P0112,L058,Pond Maintenance,2024-10-17,4878.0,17.8,16,8,3.8,Completed
J00637,P0232,L029,Pond Maintenance,2025-11-01,4743.62,120.5,16,4,3.2,Cancelled
J00638,P0155,L016,CCTV Inspection,2024-10-04,2035.83,146.2,13,5,4.5,Completed
J00639,P0114,L074,Erosion Control,2024-01-20,6023.95,159.8,31,11,4.9,Completed
J00640,P0189,L068,Stormwater Inspection,2025-01-24,1205.37,46.7,24,6,5.0,Completed
J00641,P0122,L032,CCTV Inspection,2025-05-11,3746.62,285.6,36,5,3.6,Completed
J00642,P0029,L026,CCTV Inspection,2025-05-27,2950.38,137.3,15,8,4.7,Rework Required
J00643,P0010,L064,Vactor / Jet Vac,2025-06-26,4664.45,154.6,36,4,5.0,Completed
J00644,P0016,L048,Emergency Callout,2024-06-09,4033.31,154.9,41,2,4.3,Completed
J00645,P0061,L062,Erosion Control,2024-11-05,7055.16,117.1,26,10,3.9,Completed
J00646,P0266,L002,Pond Maintenance,2025-10-02,8817.9,118.4,39,8,3.8,Completed
J00647,P0087,L002,Stormwater Inspection,2026-04-14,1217.19,31.4,38,5,3.5,Rework Required
J00648,P0090,L007,Pond Maintenance,2024-12-15,5970.66,144.2,29,8,4.7,Completed
J00649,P0272,L025,Pipe Lining,2025-01-26,9403.02,136.2,16,5,4.1,Completed
J00650,P0065,L068,Catch Basin Repair,2025-08-09,5878.93,46.4,43,6,4.3,Completed
J00651,P0069,L019,Pond Maintenance,2024-12-03,6469.01,404.8,51,5,4.6,Completed
J00652,P0241,L054,Pipe Lining,2024-05-21,11343.75,107.7,11,9,3.6,Completed
J00653,P0020,L013,Catch Basin Repair,2024-11-12,5520.56,40.9,20,4,4.5,Completed
J00654,P0081,L072,Pipe Lining,2026-02-27,8489.58,126.1,27,9,3.8,Completed
J00655,P0282,L018,Pipe Lining,2025-07-24,9301.46,163.7,26,8,4.6,Completed
J00656,P0122,L072,CCTV Inspection,2026-05-09,3672.02,163.1,23,2,3.5,Completed
J00657,P0244,L075,Vactor / Jet Vac,2026-06-20,3702.38,95.9,40,4,4.0,Rework Required
J00658,P0078,L061,Stormwater Inspection,2026-02-02,850.51,61.6,4,1,4.8,Cancelled
J00659,P0145,L075,Pond Maintenance,2024-07-11,9340.66,138.5,19,5,3.4,Completed
J00660,P0173,L031,Pipe Lining,2025-09-18,10379.21,157.9,14,5,4.2,Completed
J00661,P0058,L025,Catch Basin Repair,2024-08-24,6082.05,99.7,19,1,3.8,Completed
J00662,P0204,L034,Erosion Control,2026-03-09,4482.97,5.3,26,7,3.9,Completed
J00663,P0213,L006,Emergency Callout,2025-01-17,4344.33,141.9,27,4,4.5,Completed
J00664,P0237,L041,Stormwater Inspection,2024-05-20,2174.99,175.0,21,2,4.5,Completed
J00665,P0138,L069,Catch Basin Repair,2026-02-21,2420.02,59.6,18,10,4.1,Rework Required
J00666,P0090,L042,Pond Maintenance,2024-08-15,8689.53,322.8,38,6,4.7,Completed
J00667,P0096,L058,Catch Basin Repair,2024-03-08,4749.26,150.0,53,5,4.4,Completed
J00668,P0172,L024,Emergency Callout,2025-05-16,3278.89,74.2,24,12,3.0,Completed
J00669,P0212,L075,Emergency Callout,2025-03-13,3229.39,113.2,19,5,4.0,Completed
J00670,P0103,L031,Vactor / Jet Vac,2026-04-24,2835.55,126.1,39,6,4.4,Completed
J00671,P0020,L039,Erosion Control,2026-01-30,7057.39,98.4,24,3,4.9,Completed
J00672,P0110,L036,Vactor / Jet Vac,2025-04-07,2914.38,6.6,30,3,4.6,Completed
J00673,P0286,L035,Vactor / Jet Vac,2024-09-08,4540.11,78.6,31,4,3.8,Completed
J00674,P0291,L006,Stormwater Inspection,2024-02-10,1960.71,133.7,40,3,3.8,Completed
J00675,P0172,L047,Vactor / Jet Vac,2025-03-26,4548.07,140.4,27,1,3.4,Completed
J00676,P0012,L073,Pond Maintenance,2024-10-19,4191.18,8.1,29,3,3.8,Completed
J00677,P0075,L003,Stormwater Inspection,2024-02-25,999.96,18.0,20,2,4.9,Completed
J00678,P0191,L074,Pipe Lining,2025-10-23,9791.97,94.0,13,12,3.8,Completed
J00679,P0155,L037,CCTV Inspection,2025-08-22,3097.57,130.6,23,3,4.0,Cancelled
J00680,P0166,L059,Pipe Lining,2024-11-27,10270.86,56.3,5,6,4.7,Completed
J00681,P0054,L009,Pipe Lining,2026-07-07,12530.86,102.6,14,5,3.8,Completed
J00682,P0046,L015,Catch Basin Repair,2024-04-02,4406.86,47.0,23,1,3.3,Completed
J00683,P0086,L032,Pipe Lining,2024-05-06,9262.46,25.4,22,4,4.3,Completed
J00684,P0273,L030,Emergency Callout,2024-03-28,3286.37,116.0,22,3,4.9,Completed
J00685,P0014,L072,Stormwater Inspection,2025-06-07,2051.75,109.7,19,5,4.0,Completed
J00686,P0205,L012,Pipe Lining,2025-01-24,7279.19,72.2,4,10,4.1,Completed
J00687,P0079,L071,Pipe Lining,2025-08-02,9248.52,231.0,29,8,4.4,Completed
J00688,P0080,L045,Pipe Lining,2024-05-28,8383.57,107.7,10,4,4.4,Completed
J00689,P0172,L066,Vactor / Jet Vac,2024-11-12,4794.58,100.1,26,9,3.3,Completed
J00690,P0065,L042,Emergency Callout,2024-07-04,2333.55,91.7,40,5,4.5,Completed
J00691,P0297,L071,Pipe Lining,2024-01-04,8285.2,170.2,43,7,4.6,Completed
J00692,P0206,L066,Pond Maintenance,2025-05-24,6893.38,53.6,32,4,4.6,Completed
J00693,P0198,L006,Vactor / Jet Vac,2025-05-20,4913.64,167.8,22,8,4.5,Completed
J00694,P0288,L020,Emergency Callout,2025-03-28,3713.98,83.1,26,3,3.2,Completed
J00695,P0152,L012,Vactor / Jet Vac,2025-07-14,2796.24,92.6,28,1,4.4,Completed
J00696,P0138,L022,Catch Basin Repair,2024-05-31,4678.87,18.5,15,1,4.2,Completed
J00697,P0020,L034,Erosion Control,2026-05-24,6704.85,81.3,24,8,4.3,Completed
J00698,P0070,L063,Pond Maintenance,2024-03-30,4079.98,125.2,32,4,3.6,Completed
J00699,P0231,L047,Stormwater Inspection,2024-06-14,2425.51,243.0,36,1,3.9,Completed
J00700,P0224,L061,Pipe Lining,2026-02-06,11140.46,375.4,26,7,4.9,Completed
J00701,P0049,L005,Vactor / Jet Vac,2024-11-02,4661.31,167.9,45,4,3.0,Completed
J00702,P0291,L045,Stormwater Inspection,2026-02-15,1486.56,84.6,42,10,3.8,Completed
J00703,P0020,L005,CCTV Inspection,2024-05-17,2857.12,154.0,12,5,4.5,Completed
J00704,P0090,L046,Pond Maintenance,2025-02-27,7065.74,34.7,31,4,5.0,Completed
J00705,P0113,L006,Catch Basin Repair,2024-04-21,4030.23,83.6,32,4,4.7,Completed
J00706,P0249,L050,CCTV Inspection,2025-12-06,3123.45,138.9,38,2,4.6,Completed
J00707,P0276,L040,Pond Maintenance,2026-05-18,5652.0,35.0,33,7,4.4,Completed
J00708,P0112,L031,Erosion Control,2025-09-21,6919.55,252.5,24,7,3.7,Completed
J00709,P0243,L069,Emergency Callout,2024-07-03,3050.65,104.5,7,5,3.9,Completed
J00710,P0027,L017,Catch Basin Repair,2024-07-17,4532.67,89.8,16,3,4.2,Completed
J00711,P0203,L015,Vactor / Jet Vac,2026-03-26,3667.47,164.3,25,3,3.2,Completed
J00712,P0186,L028,Catch Basin Repair,2025-02-28,2901.18,98.6,25,2,3.9,Completed
J00713,P0143,L009,Erosion Control,2026-04-05,7541.59,157.1,24,4,3.7,Completed
J00714,P0142,L030,Vactor / Jet Vac,2025-12-07,4553.48,32.3,20,7,3.9,Completed
J00715,P0199,L021,CCTV Inspection,2025-06-02,2474.76,62.1,24,2,4.5,Completed
J00716,P0247,L035,Vactor / Jet Vac,2024-12-07,3203.64,75.8,24,4,4.6,Completed
J00717,P0247,L071,Vactor / Jet Vac,2024-07-17,3909.55,117.4,28,7,4.5,Completed
J00718,P0260,L075,Erosion Control,2025-05-05,7741.36,311.0,19,1,3.3,Cancelled
J00719,P0128,L003,Vactor / Jet Vac,2025-05-08,3565.5,171.6,31,5,4.9,Completed
J00720,P0168,L042,Emergency Callout,2025-07-03,4306.9,108.1,18,5,4.8,Completed
J00721,P0190,L057,Emergency Callout,2025-02-27,2840.38,147.2,12,5,5.0,Cancelled
J00722,P0223,L075,Vactor / Jet Vac,2024-11-02,4499.94,155.5,27,6,3.8,Completed
J00723,P0116,L049,Erosion Control,2024-01-20,6215.61,100.6,20,7,4.5,Completed
J00724,P0238,L027,Erosion Control,2026-06-28,6426.47,171.7,13,3,4.7,Completed
J00725,P0060,L013,CCTV Inspection,2024-10-14,4170.41,385.0,22,7,3.4,Completed
J00726,P0020,L064,Erosion Control,2025-10-03,8370.93,394.4,31,4,4.2,Completed
J00727,P0264,L039,Pipe Lining,2025-02-02,10147.9,111.9,48,11,3.6,Completed
J00728,P0033,L048,CCTV Inspection,2026-02-08,2063.8,79.2,36,1,4.0,Completed
J00729,P0041,L015,Erosion Control,2024-10-05,6339.9,143.5,8,5,4.7,Completed
J00730,P0049,L037,Emergency Callout,2025-01-15,3495.42,75.8,27,5,3.7,Completed
J00731,P0008,L071,Pond Maintenance,2024-11-05,7903.21,173.7,33,10,3.9,Completed
J00732,P0174,L043,Erosion Control,2026-03-07,2539.24,18.4,26,6,3.6,Completed
J00733,P0294,L045,CCTV Inspection,2024-01-26,2499.15,54.6,1,6,3.5,Completed
J00734,P0054,L010,Pipe Lining,2025-05-10,9533.08,22.7,21,10,4.1,Completed
J00735,P0209,L018,Pond Maintenance,2024-05-26,5734.08,35.6,15,10,3.6,Completed
J00736,P0112,L027,CCTV Inspection,2025-06-12,2154.65,67.2,17,8,3.7,Completed
J00737,P0203,L001,Pipe Lining,2024-02-07,10208.33,155.8,18,9,3.4,Completed
J00738,P0112,L067,CCTV Inspection,2024-02-15,1917.65,14.3,17,9,3.9,Completed
J00739,P0285,L058,CCTV Inspection,2026-06-29,2527.04,93.1,24,6,4.8,Completed
J00740,P0138,L054,Pond Maintenance,2026-02-15,6587.76,152.5,14,9,3.6,Completed
J00741,P0044,L069,Catch Basin Repair,2024-07-16,4232.45,92.5,16,10,4.0,Completed
J00742,P0127,L023,Erosion Control,2025-11-18,5275.57,174.7,19,10,2.3,Completed
J00743,P0224,L006,Pipe Lining,2024-04-27,8511.21,12.8,25,8,4.0,Completed
J00744,P0075,L037,CCTV Inspection,2024-12-24,2505.57,78.8,29,6,5.0,Completed
J00745,P0061,L045,Pond Maintenance,2025-12-22,5724.57,144.5,21,8,3.9,Completed
J00746,P0141,L010,Catch Basin Repair,2024-11-14,3961.62,121.4,25,1,3.9,Completed
J00747,P0178,L033,Erosion Control,2024-02-21,4728.59,103.3,7,3,2.0,Completed
J00748,P0156,L047,Emergency Callout,2024-02-21,3808.38,210.4,10,3,4.7,Completed
J00749,P0203,L001,Vactor / Jet Vac,2025-02-05,3702.55,155.8,19,5,3.5,Completed
J00750,P0222,L019,Emergency Callout,2024-11-15,2605.42,6.5,28,3,4.9,Completed
J00751,P0178,L014,Catch Basin Repair,2025-11-17,4641.51,122.2,1,8,3.2,Completed
J00752,P0124,L046,CCTV Inspection,2026-02-12,3654.5,260.9,46,4,3.6,Completed
J00753,P0253,L061,Pipe Lining,2026-04-01,7914.88,12.2,15,5,3.4,Cancelled
J00754,P0047,L005,Emergency Callout,2024-11-13,4226.21,142.9,20,3,5.0,Completed
J00755,P0065,L055,Emergency Callout,2024-08-17,3324.5,156.0,54,7,5.0,Completed
J00756,P0167,L074,Pond Maintenance,2025-02-05,8163.59,265.8,6,5,4.2,Completed
J00757,P0243,L067,Erosion Control,2026-06-22,6994.32,125.8,7,9,4.0,Completed
J00758,P0065,L005,Emergency Callout,2025-05-01,3977.81,174.0,41,2,5.0,Completed
J00759,P0222,L048,Emergency Callout,2024-06-23,3271.57,141.8,30,3,4.6,Completed
J00760,P0205,L031,Erosion Control,2024-05-10,5742.26,174.4,1,2,4.4,Completed
J00761,P0009,L023,Stormwater Inspection,2026-03-26,1869.34,153.5,33,5,4.4,Completed
J00762,P0230,L026,CCTV Inspection,2025-06-29,2554.16,113.0,34,5,5.0,Completed
J00763,P0146,L059,Stormwater Inspection,2024-09-06,1634.05,112.3,17,4,4.0,Completed
J00764,P0213,L075,Emergency Callout,2024-12-14,4087.45,149.4,7,5,5.0,Completed
J00765,P0128,L014,Stormwater Inspection,2025-03-21,2144.03,154.1,33,3,4.2,Completed
J00766,P0178,L037,Erosion Control,2024-08-29,4342.44,21.8,4,4,3.5,Completed
J00767,P0078,L005,CCTV Inspection,2025-12-29,2405.07,106.7,4,8,4.6,Completed
J00768,P0232,L036,Emergency Callout,2025-09-02,3152.84,141.6,11,5,2.1,Completed
J00769,P0284,L047,CCTV Inspection,2024-06-29,2779.4,76.0,22,3,4.7,Completed
J00770,P0207,L072,Stormwater Inspection,2024-04-21,965.82,12.0,12,1,4.5,Completed
J00771,P0113,L027,Stormwater Inspection,2025-10-22,1582.71,157.3,34,3,4.7,Completed
J00772,P0045,L018,CCTV Inspection,2024-05-22,3319.48,166.2,24,4,3.4,Completed
J00773,P0082,L055,Vactor / Jet Vac,2025-11-07,4343.65,174.6,16,5,3.2,Completed
J00774,P0118,L033,Pond Maintenance,2025-08-14,7334.49,128.0,41,6,4.2,Completed
J00775,P0066,L050,Catch Basin Repair,2024-11-20,3482.64,128.3,23,2,3.3,Completed
J00776,P0123,L052,Pond Maintenance,2025-03-21,4890.0,101.2,20,7,4.6,Completed
J00777,P0130,L065,Erosion Control,2025-08-19,8508.01,332.9,39,4,4.4,Completed
J00778,P0252,L066,Stormwater Inspection,2026-05-22,1696.25,21.3,8,3,5.0,Completed
J00779,P0285,L044,Erosion Control,2024-02-24,7254.75,233.4,32,10,5.0,Completed
J00780,P0219,L057,Erosion Control,2024-10-15,8178.25,163.8,12,8,3.8,Completed
J00781,P0106,L017,Catch Basin Repair,2025-08-27,5095.48,41.6,39,1,4.2,Completed
J00782,P0165,L047,Erosion Control,2025-02-19,4810.44,157.8,5,7,2.9,Completed
J00783,P0273,L068,Catch Basin Repair,2025-05-01,6314.28,140.0,20,5,4.5,Completed
J00784,P0183,L056,Stormwater Inspection,2025-01-03,766.77,20.3,25,5,3.9,Completed
J00785,P0153,L044,Pipe Lining,2026-06-12,10790.09,172.4,21,7,5.0,Completed
J00786,P0253,L052,Pipe Lining,2025-10-25,8920.29,85.7,12,1,4.3,Completed
J00787,P0007,L069,Emergency Callout,2024-05-19,3675.86,67.6,35,2,3.9,Completed
J00788,P0085,L026,Stormwater Inspection,2026-07-04,2005.03,134.5,12,3,3.5,Completed
J00789,P0252,L062,Stormwater Inspection,2025-04-10,1807.46,162.2,20,6,4.8,Completed
J00790,P0186,L022,Emergency Callout,2024-08-19,3781.77,160.1,38,3,3.9,Completed
J00791,P0023,L017,Vactor / Jet Vac,2026-05-17,4071.78,128.5,25,4,3.5,Completed
J00792,P0200,L017,Pond Maintenance,2025-07-13,6355.74,64.8,32,1,5.0,Completed
J00793,P0175,L074,Vactor / Jet Vac,2025-08-04,3236.44,72.8,7,1,4.0,Completed
J00794,P0041,L047,Erosion Control,2025-05-08,4965.89,72.9,12,4,4.8,Rework Required
J00795,P0034,L008,CCTV Inspection,2026-01-18,1546.9,70.8,19,4,4.5,Completed
J00796,P0124,L056,Pond Maintenance,2024-03-21,6174.41,166.2,33,1,3.5,Completed
J00797,P0176,L012,CCTV Inspection,2025-10-07,2426.6,147.1,15,2,3.5,Completed
J00798,P0276,L008,CCTV Inspection,2025-07-06,1858.72,65.1,45,5,4.4,Completed
J00799,P0079,L020,Pond Maintenance,2026-07-14,7778.51,73.3,20,3,4.4,Completed
J00800,P0210,L037,Vactor / Jet Vac,2025-06-08,4034.62,116.8,34,6,3.5,Cancelled
J00801,P0152,L073,Erosion Control,2026-03-28,4230.57,149.5,28,5,5.0,Completed
J00802,P0004,L052,Pipe Lining,2025-09-03,7890.2,84.9,20,10,4.1,Completed
J00803,P0232,L048,Pond Maintenance,2025-04-29,7751.56,121.8,5,5,2.5,Completed
J00804,P0088,L020,Vactor / Jet Vac,2024-10-25,3835.84,82.1,31,6,3.6,Completed
J00805,P0193,L029,Vactor / Jet Vac,2024-03-25,4158.23,127.3,18,4,5.0,Completed
J00806,P0176,L041,CCTV Inspection,2024-10-11,2439.03,159.1,18,5,3.7,Completed
J00807,P0104,L021,Pond Maintenance,2024-09-20,6947.76,10.2,31,5,4.9,Completed
J00808,P0293,L072,CCTV Inspection,2025-08-28,3064.08,165.2,39,1,4.2,Completed
J00809,P0212,L069,Emergency Callout,2024-06-28,2868.04,53.6,22,4,4.5,Completed
J00810,P0065,L050,Catch Basin Repair,2026-03-29,5643.86,50.6,43,9,4.4,Completed
J00811,P0255,L070,Vactor / Jet Vac,2024-03-27,3192.54,82.8,19,1,4.0,Rework Required
J00812,P0118,L073,Pipe Lining,2026-02-09,11969.54,160.3,38,7,4.5,Rework Required
J00813,P0078,L055,Stormwater Inspection,2025-03-26,1942.45,139.7,11,3,3.6,Completed
J00814,P0196,L072,Pipe Lining,2026-01-21,10927.56,15.4,24,7,4.3,Completed
J00815,P0049,L037,Vactor / Jet Vac,2026-02-12,3663.77,75.8,50,2,3.3,Completed
J00816,P0082,L055,Vactor / Jet Vac,2025-02-12,3656.3,174.6,7,6,3.4,Completed
J00817,P0232,L025,Emergency Callout,2026-02-09,3353.26,97.7,15,5,2.5,Cancelled
J00818,P0154,L057,Catch Basin Repair,2025-12-23,5569.49,86.4,43,8,3.5,Completed
J00819,P0266,L068,Pond Maintenance,2026-06-10,8052.19,63.7,31,3,3.6,Completed
J00820,P0219,L065,Pond Maintenance,2025-04-04,7908.62,55.8,21,7,4.8,Completed
J00821,P0008,L022,Erosion Control,2025-11-30,7896.41,297.6,43,3,4.4,Rework Required
J00822,P0052,L009,CCTV Inspection,2025-10-14,3730.19,370.3,16,3,4.2,Completed
J00823,P0114,L071,Stormwater Inspection,2025-10-29,1982.07,163.0,32,1,4.5,Completed
J00824,P0069,L063,Erosion Control,2026-04-01,7478.2,16.7,36,4,4.3,Completed
J00825,P0199,L041,Stormwater Inspection,2025-11-22,1920.89,113.5,30,5,4.8,Completed
J00826,P0082,L031,Catch Basin Repair,2025-11-24,3702.08,169.4,18,3,3.3,Completed
J00827,P0196,L036,Pipe Lining,2024-01-11,5440.75,130.6,35,12,3.6,Completed
J00828,P0107,L067,CCTV Inspection,2024-04-10,2170.3,17.5,6,2,4.2,Completed
J00829,P0025,L032,Emergency Callout,2026-01-12,3841.76,152.4,36,3,4.6,Completed
J00830,P0083,L043,Catch Basin Repair,2025-09-26,5643.36,161.4,19,2,4.4,Completed
J00831,P0147,L009,Catch Basin Repair,2025-10-15,4107.35,348.3,35,2,4.4,Completed
J00832,P0117,L006,CCTV Inspection,2025-09-11,3099.77,153.9,30,3,3.8,Completed
J00833,P0282,L072,Pipe Lining,2025-12-13,9862.22,142.3,37,5,4.4,Completed
J00834,P0206,L012,Pond Maintenance,2024-03-18,7623.23,137.2,26,11,3.7,Completed
J00835,P0215,L026,Pond Maintenance,2025-12-09,8082.93,124.7,16,7,3.3,Cancelled
J00836,P0117,L063,Erosion Control,2026-03-10,5605.43,168.6,24,5,3.5,Completed
J00837,P0198,L070,Vactor / Jet Vac,2024-12-06,4577.12,118.2,21,7,4.0,Rework Required
J00838,P0157,L028,Pond Maintenance,2024-09-28,6687.56,141.4,25,4,4.5,Completed
J00839,P0138,L025,CCTV Inspection,2024-07-24,1679.02,72.7,13,5,4.1,Completed
J00840,P0241,L015,Pipe Lining,2024-04-21,9841.46,110.9,6,8,3.9,Completed
J00841,P0272,L033,Stormwater Inspection,2025-10-20,1444.96,20.7,22,1,3.5,Completed
J00842,P0173,L018,Emergency Callout,2024-04-15,2550.61,22.0,14,4,3.9,Completed
J00843,P0141,L022,CCTV Inspection,2024-09-13,2941.0,101.1,27,6,3.9,Completed
J00844,P0128,L003,Vactor / Jet Vac,2024-06-01,2553.96,171.6,29,2,4.4,Completed
J00845,P0255,L075,Vactor / Jet Vac,2025-11-11,3270.51,199.8,20,4,4.7,Completed
J00846,P0221,L014,Pipe Lining,2026-07-15,9186.88,112.2,18,9,4.8,Completed
J00847,P0130,L021,Vactor / Jet Vac,2026-02-28,3135.57,68.4,23,1,4.5,Completed
J00848,P0074,L044,Stormwater Inspection,2026-01-15,1501.39,103.4,23,1,4.3,Completed
J00849,P0159,L016,CCTV Inspection,2024-01-04,3218.68,125.0,8,1,3.7,Completed
J00850,P0243,L017,Emergency Callout,2025-07-02,3349.84,6.3,6,2,3.9,Cancelled
J00851,P0147,L046,Erosion Control,2024-11-06,4576.35,30.3,26,6,4.5,Completed
J00852,P0119,L018,CCTV Inspection,2026-05-23,2721.17,153.6,11,4,3.4,Rework Required
J00853,P0150,L071,CCTV Inspection,2026-02-17,3121.0,143.4,16,4,3.6,Completed
J00854,P0170,L015,Catch Basin Repair,2024-02-10,4993.95,66.2,26,5,3.8,Rework Required
J00855,P0295,L009,Catch Basin Repair,2025-02-03,5412.82,12.2,4,7,3.0,Completed
J00856,P0243,L029,Erosion Control,2026-06-25,5673.6,113.0,2,5,4.6,Completed
J00857,P0068,L014,Catch Basin Repair,2024-07-16,5309.99,149.3,39,5,4.8,Completed
J00858,P0117,L012,Catch Basin Repair,2024-03-05,3938.89,47.0,33,3,3.4,Completed
J00859,P0215,L069,Pond Maintenance,2026-05-04,8635.24,112.0,14,5,3.7,Completed
J00860,P0235,L055,Vactor / Jet Vac,2024-02-27,5695.28,152.3,19,3,3.3,Completed
J00861,P0005,L049,Vactor / Jet Vac,2024-08-04,4012.23,116.2,21,6,3.6,Completed
J00862,P0007,L028,Emergency Callout,2026-06-10,4608.71,76.5,32,4,4.2,Completed
J00863,P0139,L067,Pipe Lining,2024-08-26,12323.87,117.2,9,4,2.9,Cancelled
J00864,P0016,L054,Vactor / Jet Vac,2025-05-15,2705.56,11.5,22,4,4.5,Completed
J00865,P0105,L014,Emergency Callout,2025-09-25,5512.02,350.1,54,4,4.0,Completed
J00866,P0153,L020,Pipe Lining,2025-10-09,10413.68,60.9,24,6,4.5,Completed
J00867,P0085,L020,Pond Maintenance,2024-04-09,6463.78,90.3,23,7,3.8,Completed
J00868,P0013,L030,Pipe Lining,2024-03-06,7011.74,167.4,29,9,4.6,Completed
J00869,P0251,L063,CCTV Inspection,2025-09-01,3549.04,166.0,16,4,4.1,Completed
J00870,P0096,L065,Catch Basin Repair,2024-07-26,5351.47,153.8,57,9,4.3,Completed
J00871,P0118,L024,Stormwater Inspection,2025-12-01,1163.58,71.3,34,4,4.3,Completed
J00872,P0056,L061,Pipe Lining,2026-03-23,9887.98,75.0,21,6,4.8,Completed
J00873,P0082,L061,Vactor / Jet Vac,2024-12-09,1931.24,107.4,5,6,3.2,Completed
J00874,P0091,L051,Pond Maintenance,2025-03-01,7409.66,165.5,23,9,4.4,Completed
J00875,P0197,L026,Erosion Control,2025-03-25,4508.7,114.4,38,4,4.5,Completed
J00876,P0088,L027,Vactor / Jet Vac,2026-03-21,4591.01,62.5,36,5,3.9,Completed
J00877,P0199,L064,Stormwater Inspection,2024-01-17,2154.37,157.3,28,2,4.6,Completed
J00878,P0117,L045,CCTV Inspection,2024-07-02,1736.83,74.7,26,1,3.7,Cancelled
J00879,P0090,L013,Pond Maintenance,2026-04-06,5448.92,40.9,35,6,4.4,Completed
J00880,P0003,L040,Emergency Callout,2024-07-30,5196.62,167.3,20,2,5.0,Completed
J00881,P0111,L066,Pond Maintenance,2025-02-25,5016.52,28.6,24,6,4.8,Completed
J00882,P0013,L064,Pipe Lining,2024-02-08,12306.08,171.5,46,6,5.0,Completed
J00883,P0065,L040,Emergency Callout,2024-03-31,3769.36,159.5,35,3,4.3,Completed
J00884,P0038,L069,Pond Maintenance,2024-01-05,7170.09,109.0,41,13,3.2,Completed
J00885,P0086,L054,Catch Basin Repair,2025-06-26,3356.41,17.4,28,5,3.6,Rework Required
J00886,P0228,L060,Erosion Control,2025-07-06,6942.99,155.8,26,7,4.3,Completed
J00887,P0155,L030,Emergency Callout,2025-11-06,2921.0,131.0,33,7,4.8,Completed
J00888,P0137,L073,Vactor / Jet Vac,2026-03-26,3113.59,35.8,12,4,4.1,Completed
J00889,P0032,L029,Emergency Callout,2024-06-12,2865.89,43.6,2,2,3.4,Completed
J00890,P0128,L059,Vactor / Jet Vac,2025-01-07,2993.97,104.9,20,2,4.4,Completed
J00891,P0113,L039,Stormwater Inspection,2025-09-23,1737.1,125.5,36,6,3.7,Completed
J00892,P0120,L053,Emergency Callout,2026-01-28,4259.86,121.3,9,3,4.0,Completed
J00893,P0046,L002,Pipe Lining,2024-01-30,5748.24,135.1,26,8,4.1,Completed
J00894,P0207,L031,CCTV Inspection,2024-08-28,2841.74,126.9,27,5,4.8,Completed
J00895,P0226,L022,Erosion Control,2026-02-04,5632.17,112.7,5,5,4.2,Completed
J00896,P0127,L062,Erosion Control,2024-04-22,8594.61,150.8,27,2,3.1,Completed
J00897,P0029,L028,CCTV Inspection,2025-02-26,2121.47,26.9,8,4,4.0,Completed
J00898,P0272,L040,Stormwater Inspection,2024-03-16,1764.74,137.3,18,3,4.3,Completed
J00899,P0175,L061,Emergency Callout,2025-03-22,2910.34,18.1,6,7,4.6,Completed
J00900,P0243,L040,Emergency Callout,2025-01-17,3128.95,135.6,25,7,4.0,Completed
J00901,P0069,L016,Catch Basin Repair,2024-10-03,5924.86,51.3,38,9,5.0,Completed
J00902,P0080,L041,Pipe Lining,2025-08-05,7397.25,174.1,23,4,4.6,Completed
J00903,P0047,L016,Pipe Lining,2025-04-21,10886.52,99.6,6,7,4.9,Completed
J00904,P0191,L012,Pipe Lining,2024-08-13,9444.07,162.9,21,8,3.4,Completed
J00905,P0203,L040,Pipe Lining,2025-10-15,7700.78,87.0,2,2,3.8,Rework Required
J00906,P0256,L060,Pipe Lining,2025-07-20,10083.09,68.5,24,10,4.2,Completed
J00907,P0138,L048,CCTV Inspection,2025-06-18,1727.12,16.2,11,1,4.0,Completed
J00908,P0114,L032,Catch Basin Repair,2026-05-07,5740.76,169.6,26,10,3.9,Completed
J00909,P0175,L068,Vactor / Jet Vac,2026-01-23,4345.45,125.5,1,7,4.3,Completed
J00910,P0121,L004,Catch Basin Repair,2025-08-16,7055.59,174.2,13,3,4.2,Completed
J00911,P0246,L019,Pipe Lining,2026-07-08,15865.95,403.8,45,5,4.6,Completed
J00912,P0093,L067,Vactor / Jet Vac,2025-04-26,4070.34,128.6,12,8,3.0,Completed
J00913,P0155,L010,Vactor / Jet Vac,2025-02-07,3529.77,128.5,28,6,4.5,Completed
J00914,P0161,L055,CCTV Inspection,2024-09-03,3523.19,144.1,45,7,4.9,Completed
J00915,P0105,L029,Vactor / Jet Vac,2025-02-20,4566.32,123.5,40,4,4.6,Cancelled
J00916,P0152,L004,Pipe Lining,2024-09-01,9263.23,156.4,24,4,4.7,Completed
J00917,P0058,L074,CCTV Inspection,2025-11-16,3273.73,135.3,23,7,4.4,Completed
J00918,P0156,L029,Emergency Callout,2026-02-04,2452.11,94.1,1,5,4.4,Completed
J00919,P0097,L037,Emergency Callout,2024-05-21,4431.52,109.2,19,2,4.5,Completed
J00920,P0265,L062,Stormwater Inspection,2026-06-11,1724.01,93.9,37,2,3.7,Completed
J00921,P0093,L032,Emergency Callout,2024-01-02,4408.65,100.9,13,6,3.4,Completed
J00922,P0112,L002,CCTV Inspection,2025-12-08,3146.13,141.8,22,2,3.9,Completed
J00923,P0175,L044,Vactor / Jet Vac,2026-02-09,4365.29,146.3,8,8,4.3,Completed
J00924,P0272,L074,Catch Basin Repair,2024-03-23,3973.43,55.8,19,1,4.0,Completed
J00925,P0017,L027,Erosion Control,2024-02-26,5661.15,70.8,1,9,4.2,Completed
J00926,P0011,L037,Erosion Control,2024-04-23,4944.3,98.6,14,6,4.4,Completed
J00927,P0191,L009,Emergency Callout,2025-01-09,3609.33,134.8,17,7,3.0,Completed
J00928,P0206,L027,CCTV Inspection,2026-03-03,2224.61,52.9,30,4,4.0,Completed
J00929,P0052,L066,Erosion Control,2024-04-26,7913.7,61.7,18,5,4.2,Completed
J00930,P0083,L035,Catch Basin Repair,2026-02-18,6887.53,148.7,18,10,4.5,Completed
J00931,P0102,L018,Erosion Control,2025-05-30,4922.42,62.3,31,6,3.9,Completed
J00932,P0031,L011,Pond Maintenance,2025-01-16,6667.69,141.8,25,8,4.0,Completed
J00933,P0083,L033,Emergency Callout,2026-04-29,2518.38,30.7,15,7,4.9,Completed
J00934,P0197,L047,Pond Maintenance,2025-01-11,8732.2,156.3,26,7,5.0,Completed
J00935,P0207,L005,CCTV Inspection,2026-06-24,2846.52,164.6,13,4,4.1,Completed
J00936,P0267,L010,CCTV Inspection,2024-07-02,1950.36,68.4,36,1,3.7,Completed
J00937,P0122,L029,CCTV Inspection,2024-10-09,3038.35,110.4,31,6,3.6,Completed
J00938,P0281,L034,Pipe Lining,2026-06-14,10061.68,27.7,3,10,3.9,Completed
J00939,P0198,L033,Vactor / Jet Vac,2025-11-29,4945.54,133.1,11,5,4.2,Completed
J00940,P0250,L057,Pipe Lining,2025-03-06,10287.09,120.3,1,7,3.7,Completed
J00941,P0158,L044,Vactor / Jet Vac,2024-03-05,4940.69,155.4,28,8,3.5,Completed
J00942,P0062,L014,Catch Basin Repair,2025-06-16,5562.91,68.2,49,1,4.7,Completed
J00943,P0277,L062,Stormwater Inspection,2025-11-02,1533.06,119.1,4,1,4.4,Completed
J00944,P0293,L037,Erosion Control,2025-11-12,5259.19,110.9,33,5,4.7,Completed
J00945,P0167,L005,Emergency Callout,2025-08-03,5024.87,138.0,12,5,4.4,Completed
J00946,P0124,L001,Pond Maintenance,2024-09-23,8641.29,167.7,32,7,3.5,Completed
J00947,P0281,L017,Erosion Control,2026-02-27,7449.47,333.8,20,4,3.8,Completed
J00948,P0074,L052,Pipe Lining,2025-04-11,6711.67,99.8,34,8,4.3,Rework Required
J00949,P0047,L073,Pipe Lining,2024-10-19,7694.97,74.1,18,7,5.0,Completed
J00950,P0221,L062,Pipe Lining,2025-12-10,9882.48,154.5,3,7,4.9,Cancelled
J00951,P0283,L037,Pipe Lining,2024-04-29,7348.03,110.5,38,5,5.0,Completed
J00952,P0116,L047,Erosion Control,2025-03-27,7388.05,104.3,22,7,3.5,Completed
J00953,P0004,L030,Pipe Lining,2025-12-25,8747.18,78.4,25,9,4.8,Completed
J00954,P0084,L072,Erosion Control,2024-05-31,8002.68,320.9,40,5,3.9,Completed
J00955,P0223,L057,Pipe Lining,2024-05-04,11061.54,118.9,30,11,4.2,Cancelled
J00956,P0285,L057,Stormwater Inspection,2026-02-25,1352.56,69.0,21,3,5.0,Completed
J00957,P0212,L003,Emergency Callout,2024-06-08,5141.1,294.8,37,2,4.0,Completed
J00958,P0045,L040,Erosion Control,2024-10-29,5150.27,80.0,28,3,3.9,Completed
J00959,P0003,L037,Pond Maintenance,2026-02-11,7922.49,107.8,29,9,5.0,Rework Required
J00960,P0272,L052,Pipe Lining,2026-01-16,8090.62,134.4,33,5,3.7,Cancelled
J00961,P0011,L007,Emergency Callout,2024-04-25,3288.89,130.3,17,1,4.0,Completed
J00962,P0247,L009,Vactor / Jet Vac,2025-07-18,4170.92,79.4,30,6,4.0,Completed
J00963,P0238,L022,Vactor / Jet Vac,2026-05-11,2854.01,174.4,29,3,4.3,Completed
J00964,P0157,L002,Erosion Control,2024-02-26,4369.59,35.9,14,4,4.6,Completed
J00965,P0027,L064,Catch Basin Repair,2024-08-15,5510.82,131.1,5,2,4.2,Completed
J00966,P0090,L031,Pond Maintenance,2024-03-26,6080.86,116.1,31,6,4.2,Completed
J00967,P0029,L053,Emergency Callout,2024-03-30,4754.53,172.5,15,4,4.3,Rework Required
J00968,P0161,L058,Stormwater Inspection,2024-11-21,2050.87,138.2,44,1,4.6,Completed
J00969,P0286,L011,Vactor / Jet Vac,2025-01-04,3538.72,190.2,30,7,4.4,Completed
J00970,P0127,L040,Stormwater Inspection,2025-01-16,1617.43,96.5,22,4,3.2,Completed
J00971,P0026,L029,Erosion Control,2025-04-01,6109.41,102.7,8,7,3.9,Completed
J00972,P0078,L035,CCTV Inspection,2026-06-28,1168.95,34.9,7,1,4.0,Completed
J00973,P0264,L033,Stormwater Inspection,2024-10-22,2217.18,169.9,43,1,3.5,Completed
J00974,P0264,L052,Stormwater Inspection,2025-02-28,2202.46,129.1,41,1,3.5,Completed
J00975,P0141,L026,CCTV Inspection,2024-11-06,2333.52,133.1,46,7,4.3,Completed
J00976,P0262,L028,Erosion Control,2025-08-27,5575.86,157.1,26,5,3.1,Completed
J00977,P0215,L044,CCTV Inspection,2025-10-16,3219.3,174.8,14,5,3.6,Cancelled
J00978,P0118,L016,Stormwater Inspection,2025-04-18,2592.63,160.3,39,1,4.9,Completed
J00979,P0297,L061,Pipe Lining,2026-05-02,9878.95,61.0,33,4,4.0,Completed
J00980,P0097,L061,Emergency Callout,2026-04-26,3337.55,74.5,30,2,4.5,Completed
J00981,P0258,L047,Pond Maintenance,2026-01-27,7049.1,16.5,34,5,4.5,Completed
J00982,P0244,L067,Vactor / Jet Vac,2024-06-06,3151.5,40.8,42,5,3.8,Completed
J00983,P0158,L027,Emergency Callout,2025-11-12,3581.66,84.3,16,7,3.8,Completed
J00984,P0292,L021,Stormwater Inspection,2025-12-05,1919.96,133.9,37,1,4.8,Completed
J00985,P0263,L075,Vactor / Jet Vac,2024-10-10,3246.89,106.5,26,7,4.3,Completed
J00986,P0034,L001,CCTV Inspection,2025-01-05,2977.1,145.9,25,5,4.4,Completed
J00987,P0291,L059,Stormwater Inspection,2025-10-05,1786.69,140.9,44,5,3.9,Completed
J00988,P0232,L070,CCTV Inspection,2026-01-20,3251.56,131.4,10,3,3.7,Completed
J00989,P0008,L021,Pond Maintenance,2024-02-29,5027.5,88.6,34,7,3.8,Completed
J00990,P0288,L045,Emergency Callout,2024-05-18,3888.13,129.9,35,5,3.7,Completed
J00991,P0179,L002,Vactor / Jet Vac,2025-03-05,4466.09,35.0,22,3,4.0,Completed
J00992,P0026,L006,Erosion Control,2024-10-25,5648.77,80.9,16,5,3.9,Completed
J00993,P0117,L017,CCTV Inspection,2026-02-23,2984.03,158.4,33,5,4.6,Completed
J00994,P0029,L027,CCTV Inspection,2024-06-20,2814.74,75.4,17,1,4.1,Completed
J00995,P0257,L072,Erosion Control,2025-12-02,8128.79,104.9,26,1,4.8,Completed
J00996,P0280,L020,Pond Maintenance,2025-12-05,7979.19,88.6,1,10,3.5,Completed
J00997,P0171,L026,Erosion Control,2024-01-14,7465.59,135.6,28,1,4.4,Completed
J00998,P0219,L032,Pond Maintenance,2025-05-11,4714.77,159.0,20,7,4.2,Completed
J00999,P0166,L013,Pipe Lining,2024-06-07,5795.2,144.6,10,11,5.0,Completed
J01000,P0277,L028,Catch Basin Repair,2025-07-26,5359.21,159.8,1,3,3.5,Completed
