provider_id,service
P0001,Pipe Lining
P0002,Catch Basin Repair
P0003,Emergency Callout
P0003,Pond Maintenance
P0004,CCTV Inspection
P0004,Pipe Lining
P0005,Erosion Control
P0005,Vactor / Jet Vac
P0006,Erosion Control
P0007,CCTV Inspection
P0007,Emergency Callout
P0007,Stormwater Inspection
P0008,Erosion Control
P0008,Pond Maintenance
P0009,Stormwater Inspection
P0010,Vactor / Jet Vac
P0011,CCTV Inspection
P0011,Emergency Callout
P0011,Erosion Control
P0012,Pond Maintenance
P0013,Catch Basin Repair
P0013,Pipe Lining
P0013,Pond Maintenance
P0013,Vactor / Jet Vac
P0014,Catch Basin Repair
P0014,Stormwater Inspection
P0015,CCTV Inspection
P0015,Erosion Control
P0016,Emergency Callout
P0016,Vactor / Jet Vac
P0017,Erosion Control
P0017,Pond Maintenance
P0017,Stormwater Inspection
P0018,Pond Maintenance
P0018,Vactor / Jet Vac
P0019,Catch Basin Repair
P0020,CCTV Inspection
P0020,Catch Basin Repair
P0020,Erosion Control
P0020,Pipe Lining
P0021,Catch Basin Repair
P0021,Emergency Callout
P0021,Erosion Control
P0021,Pipe Lining
P0022,CCTV Inspection
P0023,Vactor / Jet Vac
P0024,Emergency Callout
P0025,Emergency Callout
P0026,Erosion Control
P0026,Vactor / Jet Vac
P0027,Catch Basin Repair
P0028,CCTV Inspection
P0029,CCTV Inspection
P0029,Catch Basin Repair
P0029,Emergency Callout
P0029,Erosion Control
P0030,Stormwater Inspection
P0031,Pond Maintenance
P0032,Emergency Callout
P0033,CCTV Inspection
P0034,CCTV Inspection
P0034,Catch Basin Repair
P0035,Stormwater Inspection
P0036,CCTV Inspection
P0036,Vactor / Jet Vac
P0037,Catch Basin Repair
P0037,Pipe Lining
P0037,Stormwater Inspection
P0038,Pond Maintenance
P0039,Pond Maintenance
P0040,Pond Maintenance
P0040,Stormwater Inspection
P0041,Erosion Control
P0041,Pipe Lining
P0042,CCTV Inspection
P0042,Vactor / Jet Vac
P0043,Pipe Lining
P0044,Catch Basin Repair
P0045,CCTV Inspection
P0045,Catch Basin Repair
P0045,Erosion Control
P0045,Stormwater Inspection
P0046,CCTV Inspection
P0046,Catch Basin Repair
P0046,Pipe Lining
P0047,Emergency Callout
P0047,Pipe Lining
P0047,Stormwater Inspection
P0048,CCTV Inspection
P0049,Emergency Callout
P0049,Vactor / Jet Vac
P0050,Emergency Callout
P0050,Erosion Control
P0051,Catch Basin Repair
P0051,Pipe Lining
P0051,Vactor / Jet Vac
P0052,CCTV Inspection
P0052,Erosion Control
P0053,Pipe Lining
P0053,Stormwater Inspection
P0054,Pipe Lining
P0054,Pond Maintenance
P0055,Erosion Control
P0056,Erosion Control
P0056,Pipe Lining
P0056,Vactor / Jet Vac
P0057,Catch Basin Repair
P0057,Erosion Control
P0057,Pipe Lining
P0058,CCTV Inspection
P0058,Catch Basin Repair
P0059,Vactor / Jet Vac
P0060,CCTV Inspection
P0060,Catch Basin Repair
P0061,Emergency Callout
P0061,Erosion Control
P0061,Pond Maintenance
P0061,Stormwater Inspection
P0062,Catch Basin Repair
P0062,Stormwater Inspection
P0063,CCTV Inspection
P0064,Pipe Lining
P0065,Catch Basin Repair
P0065,Emergency Callout
P0066,Catch Basin Repair
P0066,Pond Maintenance
P0066,Stormwater Inspection
P0066,Vactor / Jet Vac
P0067,Erosion Control
P0067,Pond Maintenance
P0067,Stormwater Inspection
P0068,Catch Basin Repair
P0068,Vactor / Jet Vac
P0069,Catch Basin Repair
P0069,Erosion Control
P0069,Pond Maintenance
P0069,Vactor / Jet Vac
P0070,Pond Maintenance
P0071,Stormwater Inspection
P0072,CCTV Inspection
P0073,CCTV Inspection
P0073,Catch Basin Repair
P0074,Pipe Lining
P0074,Pond Maintenance
P0074,Stormwater Inspection
P0075,CCTV Inspection
P0075,Catch Basin Repair
P0075,Erosion Control
P0075,Stormwater Inspection
P0076,CCTV Inspection
P0076,Pond Maintenance
P0076,Stormwater Inspection
P0077,Stormwater Inspection
P0077,Vactor / Jet Vac
P0078,CCTV Inspection
P0078,Erosion Control
P0078,Stormwater Inspection
P0079,Pipe Lining
P0079,Pond Maintenance
P0080,Pipe Lining
P0080,Stormwater Inspection
P0081,Pipe Lining
P0081,Pond Maintenance
P0082,Catch Basin Repair
P0082,Vactor / Jet Vac
P0083,Catch Basin Repair
P0083,Emergency Callout
P0084,Catch Basin Repair
P0084,Erosion Control
P0085,Pipe Lining
P0085,Pond Maintenance
P0085,Stormwater Inspection
P0086,CCTV Inspection
P0086,Catch Basin Repair
P0086,Pipe Lining
P0086,Stormwater Inspection
P0087,CCTV Inspection
P0087,Catch Basin Repair
P0087,Pipe Lining
P0087,Stormwater Inspection
P0088,Vactor / Jet Vac
P0089,Vactor / Jet Vac
P0090,Catch Basin Repair
P0090,Pond Maintenance
P0090,Stormwater Inspection
P0090,Vactor / Jet Vac
P0091,Pond Maintenance
P0092,Catch Basin Repair
P0092,Pond Maintenance
P0092,Stormwater Inspection
P0093,Emergency Callout
P0093,Pond Maintenance
P0093,Stormwater Inspection
P0093,Vactor / Jet Vac
P0094,CCTV Inspection
P0095,Emergency Callout
P0095,Pipe Lining
P0096,Catch Basin Repair
P0097,Emergency Callout
P0097,Pipe Lining
P0098,Catch Basin Repair
P0098,Emergency Callout
P0098,Pipe Lining
P0098,Vactor / Jet Vac
P0099,Erosion Control
P0099,Stormwater Inspection
P0100,Stormwater Inspection
P0100,Vactor / Jet Vac
P0101,CCTV Inspection
P0101,Pond Maintenance
P0102,Erosion Control
P0102,Pipe Lining
P0103,Catch Basin Repair
P0103,Emergency Callout
P0103,Vactor / Jet Vac
P0104,Erosion Control
P0104,Pond Maintenance
P0104,Vactor / Jet Vac
P0105,Emergency Callout
P0105,Stormwater Inspection
P0105,Vactor / Jet Vac
P0106,Catch Basin Repair
P0107,CCTV Inspection
P0108,Catch Basin Repair
P0108,Pond Maintenance
P0109,Pipe Lining
P0110,Vactor / Jet Vac
P0111,Catch Basin Repair
P0111,Emergency Callout
P0111,Pond Maintenance
P0112,CCTV Inspection
P0112,Catch Basin Repair
P0112,Erosion Control
P0112,Pond Maintenance
P0113,Catch Basin Repair
P0113,Erosion Control
P0113,Stormwater Inspection
P0114,Catch Basin Repair
P0114,Erosion Control
P0114,Stormwater Inspection
P0114,Vactor / Jet Vac
P0115,Pipe Lining
P0115,Vactor / Jet Vac
P0116,Erosion Control
P0116,Pipe Lining
P0116,Stormwater Inspection
P0117,CCTV Inspection
P0117,Catch Basin Repair
P0117,Erosion Control
P0117,Vactor / Jet Vac
P0118,Pipe Lining
P0118,Pond Maintenance
P0118,Stormwater Inspection
P0119,CCTV Inspection
P0120,Emergency Callout
P0121,Catch Basin Repair
P0121,Pipe Lining
P0121,Vactor / Jet Vac
P0122,CCTV Inspection
P0122,Pond Maintenance
P0123,Pond Maintenance
P0123,Vactor / Jet Vac
P0124,CCTV Inspection
P0124,Pond Maintenance
P0124,Stormwater Inspection
P0125,Erosion Control
P0125,Pipe Lining
P0126,Pipe Lining
P0126,Vactor / Jet Vac
P0127,Erosion Control
P0127,Pond Maintenance
P0127,Stormwater Inspection
P0128,Erosion Control
P0128,Stormwater Inspection
P0128,Vactor / Jet Vac
P0129,Catch Basin Repair
P0129,Erosion Control
P0129,Stormwater Inspection
P0129,Vactor / Jet Vac
P0130,Erosion Control
P0130,Vactor / Jet Vac
P0131,CCTV Inspection
P0132,Vactor / Jet Vac
P0133,Catch Basin Repair
P0133,Pipe Lining
P0133,Stormwater Inspection
P0134,Emergency Callout
P0134,Pond Maintenance
P0135,Catch Basin Repair
P0135,Stormwater Inspection
P0136,Pond Maintenance
P0137,Emergency Callout
P0137,Vactor / Jet Vac
P0138,CCTV Inspection
P0138,Catch Basin Repair
P0138,Pond Maintenance
P0139,CCTV Inspection
P0139,Pipe Lining
P0139,Pond Maintenance
P0140,Catch Basin Repair
P0140,Pond Maintenance
P0141,CCTV Inspection
P0141,Catch Basin Repair
P0142,Vactor / Jet Vac
P0143,Erosion Control
P0143,Stormwater Inspection
P0143,Vactor / Jet Vac
P0144,Pipe Lining
P0145,Catch Basin Repair
P0145,Pond Maintenance
P0146,Catch Basin Repair
P0146,Emergency Callout
P0146,Stormwater Inspection
P0147,Catch Basin Repair
P0147,Erosion Control
P0147,Pipe Lining
P0148,CCTV Inspection
P0148,Catch Basin Repair
P0148,Vactor / Jet Vac
P0149,CCTV Inspection
P0149,Catch Basin Repair
P0150,CCTV Inspection
P0150,Pond Maintenance
P0151,Erosion Control
P0151,Vactor / Jet Vac
P0152,Erosion Control
P0152,Pipe Lining
P0152,Pond Maintenance
P0152,Vactor / Jet Vac
P0153,Pipe Lining
P0153,Stormwater Inspection
P0154,Catch Basin Repair
P0155,CCTV Inspection
P0155,Emergency Callout
P0155,Vactor / Jet Vac
P0156,Emergency Callout
P0156,Pond Maintenance
P0157,Erosion Control
P0157,Pond Maintenance
P0158,Emergency Callout
P0158,Vactor / Jet Vac
P0159,CCTV Inspection
P0160,Catch Basin Repair
P0160,Pond Maintenance
P0161,CCTV Inspection
P0161,Stormwater Inspection
P0162,Stormwater Inspection
P0163,CCTV Inspection
P0164,CCTV Inspection
P0164,Erosion Control
P0164,Pipe Lining
P0165,Erosion Control
P0166,Pipe Lining
P0167,Emergency Callout
P0167,Erosion Control
P0167,Pond Maintenance
P0168,Emergency Callout
P0169,Catch Basin Repair
P0169,Pond Maintenance
P0170,Catch Basin Repair
P0170,Stormwater Inspection
P0171,Erosion Control
P0171,Pond Maintenance
P0172,Emergency Callout
P0172,Erosion Control
P0172,Vactor / Jet Vac
P0173,Emergency Callout
P0173,Pipe Lining
P0174,Erosion Control
P0175,Emergency Callout
P0175,Pipe Lining
P0175,Vactor / Jet Vac
P0176,CCTV Inspection
P0177,CCTV Inspection
P0177,Erosion Control
P0178,CCTV Inspection
P0178,Catch Basin Repair
P0178,Erosion Control
P0178,Stormwater Inspection
P0179,Erosion Control
P0179,Vactor / Jet Vac
P0180,Pipe Lining
P0181,Emergency Callout
P0182,Catch Basin Repair
P0182,Emergency Callout
P0183,Emergency Callout
P0183,Pipe Lining
P0183,Stormwater Inspection
P0184,CCTV Inspection
P0184,Pipe Lining
P0184,Vactor / Jet Vac
P0185,Catch Basin Repair
P0186,Catch Basin Repair
P0186,Emergency Callout
P0187,CCTV Inspection
P0187,Erosion Control
P0187,Stormwater Inspection
P0188,Catch Basin Repair
P0188,Emergency Callout
P0188,Pond Maintenance
P0189,Stormwater Inspection
P0189,Vactor / Jet Vac
P0190,Emergency Callout
P0190,Vactor / Jet Vac
P0191,Emergency Callout
P0191,Pipe Lining
P0192,CCTV Inspection
P0193,Catch Basin Repair
P0193,Stormwater Inspection
P0193,Vactor / Jet Vac
P0194,CCTV Inspection
P0194,Pipe Lining
P0195,Erosion Control
P0195,Stormwater Inspection
P0196,Pipe Lining
P0196,Vactor / Jet Vac
P0197,Erosion Control
P0197,Pipe Lining
P0197,Pond Maintenance
P0198,Vactor / Jet Vac
P0199,CCTV Inspection
P0199,Pipe Lining
P0199,Stormwater Inspection
P0200,CCTV Inspection
P0200,Catch Basin Repair
P0200,Pond Maintenance
P0201,Catch Basin Repair
P0201,Pond Maintenance
P0202,Erosion Control
P0203,Pipe Lining
P0203,Vactor / Jet Vac
P0204,Erosion Control
P0205,Erosion Control
P0205,Pipe Lining
P0206,CCTV Inspection
P0206,Pond Maintenance
P0207,CCTV Inspection
P0207,Pipe Lining
P0207,Stormwater Inspection
P0208,Pipe Lining
P0209,CCTV Inspection
P0209,Pond Maintenance
P0210,CCTV Inspection
P0210,Catch Basin Repair
P0210,Vactor / Jet Vac
P0211,Emergency Callout
P0211,Stormwater Inspection
P0212,Emergency Callout
P0212,Pond Maintenance
P0213,Catch Basin Repair
P0213,Emergency Callout
P0214,Pipe Lining
P0215,CCTV Inspection
P0215,Pond Maintenance
P0216,CCTV Inspection
P0216,Emergency Callout
P0216,Pipe Lining
P0217,Pipe Lining
P0218,Stormwater Inspection
P0218,Vactor / Jet Vac
P0219,Erosion Control
P0219,Pond Maintenance
P0219,Stormwater Inspection
P0220,Pipe Lining
P0220,Stormwater Inspection
P0221,Catch Basin Repair
P0221,Pipe Lining
P0222,Emergency Callout
P0222,Pipe Lining
P0222,Pond Maintenance
P0222,Stormwater Inspection
P0223,Pipe Lining
P0223,Vactor / Jet Vac
P0224,Emergency Callout
P0224,Pipe Lining
P0224,Pond Maintenance
P0224,Stormwater Inspection
P0225,Catch Basin Repair
P0225,Pond Maintenance
P0226,Erosion Control
P0227,Vactor / Jet Vac
P0228,Catch Basin Repair
P0228,Erosion Control
P0228,Vactor / Jet Vac
P0229,Emergency Callout
P0230,CCTV Inspection
P0231,Catch Basin Repair
P0231,Pond Maintenance
P0231,Stormwater Inspection
P0232,CCTV Inspection
P0232,Emergency Callout
P0232,Pond Maintenance
P0233,Emergency Callout
P0233,Pond Maintenance
P0234,Vactor / Jet Vac
P0235,Catch Basin Repair
P0235,Pond Maintenance
P0235,Vactor / Jet Vac
P0236,Stormwater Inspection
P0237,CCTV Inspection
P0237,Stormwater Inspection
P0238,CCTV Inspection
P0238,Erosion Control
P0238,Vactor / Jet Vac
P0239,Catch Basin Repair
P0239,Pipe Lining
P0240,Catch Basin Repair
P0241,Catch Basin Repair
P0241,Emergency Callout
P0241,Pipe Lining
P0242,Catch Basin Repair
P0242,Stormwater Inspection
P0243,Emergency Callout
P0243,Erosion Control
P0244,Pipe Lining
P0244,Vactor / Jet Vac
P0245,Catch Basin Repair
P0246,Pipe Lining
P0247,Stormwater Inspection
P0247,Vactor / Jet Vac
P0248,Pipe Lining
P0248,Vactor / Jet Vac
P0249,CCTV Inspection
P0250,Pipe Lining
P0250,Pond Maintenance
P0250,Stormwater Inspection
P0251,CCTV Inspection
P0251,Erosion Control
P0251,Pond Maintenance
P0252,Stormwater Inspection
P0253,Pipe Lining
P0254,Pond Maintenance
P0255,Catch Basin Repair
P0255,Vactor / Jet Vac
P0256,Erosion Control
P0256,Pipe Lining
P0256,Pond Maintenance
P0256,Vactor / Jet Vac
P0257,Catch Basin Repair
P0257,Erosion Control
P0258,CCTV Inspection
P0258,Pond Maintenance
P0259,Catch Basin Repair
P0260,Catch Basin Repair
P0260,Erosion Control
P0261,Catch Basin Repair
P0261,Stormwater Inspection
P0262,Erosion Control
P0262,Vactor / Jet Vac
P0263,Emergency Callout
P0263,Vactor / Jet Vac
P0264,Catch Basin Repair
P0264,Pipe Lining
P0264,Stormwater Inspection
P0265,Stormwater Inspection
P0266,Catch Basin Repair
P0266,Erosion Control
P0266,Pond Maintenance
P0267,CCTV Inspection
P0267,Pond Maintenance
P0268,CCTV Inspection
P0269,Vactor / Jet Vac
P0270,Pond Maintenance
P0271,Pipe Lining
P0272,Catch Basin Repair
P0272,Erosion Control
P0272,Pipe Lining
P0272,Stormwater Inspection
P0273,Catch Basin Repair
P0273,Emergency Callout
P0273,Erosion Control
P0274,Catch Basin Repair
P0274,Pipe Lining
P0275,Catch Basin Repair
P0275,Pipe Lining
P0276,CCTV Inspection
P0276,Erosion Control
P0276,Pond Maintenance
P0277,Catch Basin Repair
P0277,Pond Maintenance
P0277,Stormwater Inspection
P0278,Catch Basin Repair
P0279,Catch Basin Repair
P0279,Pond Maintenance
P0280,Erosion Control
P0280,Pond Maintenance
P0281,Catch Basin Repair
P0281,Erosion Control
P0281,Pipe Lining
P0282,Pipe Lining
P0282,Stormwater Inspection
P0283,Erosion Control
P0283,Pipe Lining
P0284,CCTV Inspection
P0284,Emergency Callout
P0284,Pond Maintenance
P0285,CCTV Inspection
P0285,Erosion Control
P0285,Stormwater Inspection
P0286,Pond Maintenance
P0286,Vactor / Jet Vac
P0287,Stormwater Inspection
P0287,Vactor / Jet Vac
P0288,Emergency Callout
P0288,Stormwater Inspection
P0289,Pond Maintenance
P0290,Catch Basin Repair
P0290,Erosion Control
P0291,Stormwater Inspection
P0292,Stormwater Inspection
P0293,CCTV Inspection
P0293,Catch Basin Repair
P0293,Erosion Control
P0294,CCTV Inspection
P0294,Pipe Lining
P0294,Vactor / Jet Vac
P0295,Catch Basin Repair
P0296,Erosion Control
P0296,Pipe Lining
P0296,Stormwater Inspection
P0297,CCTV Inspection
P0297,Pipe Lining
P0298,Pond Maintenance
P0299,Stormwater Inspection
P0300,Pipe Lining
